{"stats":{"minecraft:used":{"minecraft:oak_fence":2,"minecraft:wheat_seeds":33,"minecraft:cooked_mutton":3,"minecraft:water_bucket":3,"minecraft:iron_shovel":18,"minecraft:stone_pickaxe":206,"minecraft:baked_potato":6,"minecraft:chest":2,"minecraft:leather_chestplate":1,"minecraft:wooden_pickaxe":14,"minecraft:iron_sword":6,"minecraft:rotten_flesh":15,"minecraft:torch":32,"minecraft:dirt":3,"minecraft:mutton":2,"minecraft:white_carpet":4,"minecraft:carrot":17,"minecraft:white_bed":2,"minecraft:dripstone_block":4,"minecraft:tuff":2,"minecraft:wooden_hoe":35,"minecraft:iron_axe":17,"minecraft:bread":2,"minecraft:stone_axe":78,"minecraft:cobblestone":27,"minecraft:cooked_porkchop":2,"minecraft:bucket":4,"minecraft:yellow_bed":1,"minecraft:potato":26,"minecraft:cobbled_deepslate":5},"minecraft:picked_up":{"minecraft:wheat":7,"minecraft:leather_chestplate":1,"minecraft:leather":16,"minecraft:brown_wool":1,"minecraft:wooden_pickaxe":1,"minecraft:potato":34,"minecraft:tuff":2,"minecraft:oak_log":28,"minecraft:yellow_bed":1,"minecraft:gunpowder":1,"minecraft:dirt":3,"minecraft:raw_copper":10,"minecraft:cooked_mutton":1,"minecraft:white_carpet":1,"minecraft:bone":1,"minecraft:beetroot":1,"minecraft:bow":1,"minecraft:wheat_seeds":55,"minecraft:cobbled_deepslate":5,"minecraft:grindstone":1,"minecraft:beef":26,"minecraft:poppy":1,"minecraft:light_gray_wool":1,"minecraft:furnace":2,"minecraft:raw_iron":72,"minecraft:oak_fence":2,"minecraft:torch":4,"minecraft:dripstone_block":4,"minecraft:porkchop":5,"minecraft:pointed_dripstone":3,"minecraft:white_bed":1,"minecraft:carrot":39,"minecraft:arrow":4,"minecraft:rotten_flesh":17,"minecraft:beetroot_seeds":5,"minecraft:hay_block":21,"minecraft:bread":1,"minecraft:mutton":7,"minecraft:coal":25,"minecraft:white_wool":8,"minecraft:cobblestone":103,"minecraft:sunflower":1},"minecraft:dropped":{"minecraft:wheat_seeds":3,"minecraft:pointed_dripstone":3,"minecraft:cobblestone":3,"minecraft:rotten_flesh":2,"minecraft:light_gray_wool":1,"minecraft:carrot":3,"minecraft:poppy":1,"minecraft:brown_wool":1,"minecraft:sunflower":1,"minecraft:wooden_pickaxe":2,"minecraft:white_wool":3},"minecraft:killed":{"minecraft:pig":3,"minecraft:creeper":1,"minecraft:sheep":5,"minecraft:skeleton":3,"minecraft:zombie":11,"minecraft:cow":13},"minecraft:custom":{"minecraft:interact_with_furnace":31,"minecraft:mob_kills":36,"minecraft:interact_with_crafting_table":18,"minecraft:leave_game":1,"minecraft:time_since_death":82611,"minecraft:sleep_in_bed":2,"minecraft:time_since_rest":8929,"minecraft:sprint_one_cm":291767,"minecraft:damage_taken":824,"minecraft:walk_one_cm":254468,"minecraft:drop":15,"minecraft:damage_dealt":4627,"minecraft:talked_to_villager":7,"minecraft:swim_one_cm":350,"minecraft:fly_one_cm":343653,"minecraft:open_chest":33,"minecraft:crouch_one_cm":3386,"minecraft:play_time":82611,"minecraft:sneak_time":1464,"minecraft:walk_under_water_one_cm":4648,"minecraft:jump":2025,"minecraft:walk_on_water_one_cm":6819,"minecraft:total_world_time":82611,"minecraft:fall_one_cm":59185},"minecraft:mined":{"minecraft:tuff":2,"minecraft:white_bed":1,"minecraft:oak_fence":2,"minecraft:torch":3,"minecraft:short_grass":5,"minecraft:grass_block":8,"minecraft:tall_grass":2,"minecraft:copper_ore":3,"minecraft:cobblestone":13,"minecraft:grindstone":1,"minecraft:diorite":1,"minecraft:wall_torch":1,"minecraft:hay_block":22,"minecraft:furnace":2,"minecraft:carrots":18,"minecraft:iron_ore":54,"minecraft:wheat":39,"minecraft:white_carpet":1,"minecraft:yellow_bed":1,"minecraft:oak_log":28,"minecraft:potatoes":13,"minecraft:coal_ore":26,"minecraft:beetroots":2,"minecraft:deepslate_iron_ore":18,"minecraft:sunflower":1,"minecraft:dirt":8,"minecraft:dripstone_block":4,"minecraft:stone":90,"minecraft:white_wool":5,"minecraft:oak_leaves":3,"minecraft:deepslate":5},"minecraft:crafted":{"minecraft:oak_planks":92,"minecraft:cooked_porkchop":2,"minecraft:wooden_pickaxe":1,"minecraft:baked_potato":8,"minecraft:iron_helmet":1,"minecraft:iron_sword":1,"minecraft:copper_ingot":10,"minecraft:bucket":1,"minecraft:stone_axe":1,"minecraft:white_carpet":3,"minecraft:cooked_mutton":2,"minecraft:bread":3,"minecraft:air":0,"minecraft:wooden_hoe":1,"minecraft:iron_chestplate":1,"minecraft:iron_boots":1,"minecraft:shield":1,"minecraft:iron_axe":1,"minecraft:stick":28,"minecraft:iron_ingot":72,"minecraft:iron_pickaxe":1,"minecraft:stone_pickaxe":2,"minecraft:iron_shovel":1,"minecraft:chest":2,"minecraft:iron_leggings":1,"minecraft:white_bed":1,"minecraft:torch":32},"minecraft:broken":{"minecraft:stone_pickaxe":1,"minecraft:stone_axe":1}},"DataVersion":3953}