{"stats":{"minecraft:picked_up":{"minecraft:oak_log":5},"minecraft:custom":{"minecraft:jump":115,"minecraft:open_chest":5,"minecraft:time_since_rest":4611,"minecraft:interact_with_furnace":2,"minecraft:damage_taken":10,"minecraft:leave_game":1,"minecraft:play_time":4611,"minecraft:sprint_one_cm":17840,"minecraft:time_since_death":4611,"minecraft:walk_one_cm":4747,"minecraft:total_world_time":4611,"minecraft:interact_with_crafting_table":1,"minecraft:fall_one_cm":5163,"minecraft:fly_one_cm":34818},"minecraft:mined":{"minecraft:oak_log":5},"minecraft:crafted":{"minecraft:oak_planks":20}},"DataVersion":3953}