{"stats":{"minecraft:used":{"minecraft:oak_fence":2,"minecraft:iron_shovel":18,"minecraft:chest":2,"minecraft:shield":13,"minecraft:iron_sword":227,"minecraft:rotten_flesh":15,"minecraft:torch":231,"minecraft:dirt":3,"minecraft:mutton":2,"minecraft:white_carpet":4,"minecraft:carrot":17,"minecraft:tuff":2,"minecraft:granite":5,"minecraft:iron_axe":60,"minecraft:furnace":3,"minecraft:cooked_beef":11,"minecraft:potato":26,"minecraft:cobbled_deepslate":5,"minecraft:wheat_seeds":33,"minecraft:cooked_mutton":3,"minecraft:water_bucket":23,"minecraft:stone_pickaxe":262,"minecraft:baked_potato":8,"minecraft:wooden_pickaxe":14,"minecraft:leather_chestplate":1,"minecraft:crafting_table":2,"minecraft:blast_furnace":2,"minecraft:white_bed":2,"minecraft:dripstone_block":4,"minecraft:smoker":2,"minecraft:wooden_hoe":35,"minecraft:bread":8,"minecraft:iron_pickaxe":97,"minecraft:gravel":2,"minecraft:stone_axe":78,"minecraft:fire_charge":1,"minecraft:cobblestone":108,"minecraft:cooked_porkchop":8,"minecraft:andesite":1,"minecraft:bucket":25,"minecraft:yellow_bed":1},"minecraft:picked_up":{"minecraft:crafting_table":1,"minecraft:wheat":7,"minecraft:wooden_pickaxe":1,"minecraft:gold_block":1,"minecraft:brewing_stand":1,"minecraft:string":109,"minecraft:raw_copper":10,"minecraft:white_carpet":1,"minecraft:beetroot":1,"minecraft:cobbled_deepslate":15,"minecraft:beef":56,"minecraft:poppy":1,"minecraft:light_gray_wool":1,"minecraft:furnace":6,"minecraft:raw_iron":106,"minecraft:oak_fence":4,"minecraft:torch":18,"minecraft:porkchop":8,"minecraft:pointed_dripstone":3,"minecraft:carrot":39,"minecraft:rotten_flesh":23,"minecraft:arrow":6,"minecraft:beetroot_seeds":5,"minecraft:hay_block":21,"minecraft:tuff_bricks":17,"minecraft:mutton":7,"minecraft:cobblestone":128,"minecraft:rail":1,"minecraft:white_wool":8,"minecraft:leather_chestplate":1,"minecraft:andesite":1,"minecraft:brown_wool":1,"minecraft:leather":30,"minecraft:potato":34,"minecraft:tuff":5,"minecraft:oak_log":36,"minecraft:yellow_bed":1,"minecraft:gunpowder":1,"minecraft:lapis_lazuli":40,"minecraft:dirt":3,"minecraft:cooked_mutton":1,"minecraft:bone":1,"minecraft:bow":3,"minecraft:wheat_seeds":55,"minecraft:raw_gold":4,"minecraft:grindstone":1,"minecraft:oak_planks":3,"minecraft:dripstone_block":4,"minecraft:gravel":5,"minecraft:white_bed":1,"minecraft:polished_tuff":4,"minecraft:spider_eye":3,"minecraft:diamond":18,"minecraft:granite":5,"minecraft:bread":1,"minecraft:coal":62,"minecraft:chiseled_tuff_bricks":3,"minecraft:sunflower":1},"minecraft:dropped":{"minecraft:wheat_seeds":3,"minecraft:oak_fence":2,"minecraft:cobblestone":3,"minecraft:rail":1,"minecraft:brown_wool":1,"minecraft:sunflower":1,"minecraft:string":2,"minecraft:white_wool":3,"minecraft:cobbled_deepslate":2,"minecraft:pointed_dripstone":3,"minecraft:rotten_flesh":6,"minecraft:light_gray_wool":1,"minecraft:carrot":3,"minecraft:poppy":1,"minecraft:spider_eye":1,"minecraft:bow":2,"minecraft:wooden_pickaxe":2},"minecraft:killed":{"minecraft:cave_spider":8,"minecraft:spider":5,"minecraft:skeleton":7,"minecraft:husk":1,"minecraft:pig":6,"minecraft:creeper":1,"minecraft:sheep":5,"minecraft:zombie":20,"minecraft:cow":27},"minecraft:custom":{"minecraft:mob_kills":80,"minecraft:interact_with_crafting_table":39,"minecraft:bell_ring":1,"minecraft:leave_game":2,"minecraft:time_since_death":182477,"minecraft:climb_one_cm":1600,"minecraft:sprint_one_cm":806013,"minecraft:walk_one_cm":636360,"minecraft:damage_blocked_by_shield":567,"minecraft:drop":25,"minecraft:talked_to_villager":12,"minecraft:play_time":182477,"minecraft:sneak_time":2438,"minecraft:walk_under_water_one_cm":12122,"minecraft:jump":3759,"minecraft:interact_with_brewingstand":1,"minecraft:interact_with_blast_furnace":17,"minecraft:walk_on_water_one_cm":13736,"minecraft:total_world_time":182477,"minecraft:interact_with_furnace":45,"minecraft:sleep_in_bed":4,"minecraft:time_since_rest":3586,"minecraft:damage_taken":2053,"minecraft:damage_dealt":11641,"minecraft:swim_one_cm":4736,"minecraft:fly_one_cm":608297,"minecraft:open_chest":83,"minecraft:crouch_one_cm":6209,"minecraft:interact_with_smoker":23,"minecraft:fall_one_cm":99144},"minecraft:mined":{"minecraft:tuff":5,"minecraft:white_bed":1,"minecraft:deepslate_diamond_ore":18,"minecraft:brewing_stand":1,"minecraft:granite":5,"minecraft:grass_block":8,"minecraft:chiseled_tuff_bricks":3,"minecraft:tuff_bricks":15,"minecraft:spawner":3,"minecraft:hay_block":22,"minecraft:furnace":6,"minecraft:carrots":18,"minecraft:iron_ore":82,"minecraft:polished_tuff":4,"minecraft:andesite":1,"minecraft:deepslate_lapis_ore":4,"minecraft:gold_block":1,"minecraft:potatoes":13,"minecraft:deepslate_iron_ore":24,"minecraft:stone":110,"minecraft:white_wool":5,"minecraft:oak_fence":3,"minecraft:crafting_table":1,"minecraft:torch":10,"minecraft:short_grass":7,"minecraft:tall_grass":3,"minecraft:copper_ore":3,"minecraft:cobblestone":18,"minecraft:lapis_ore":7,"minecraft:deepslate_gold_ore":3,"minecraft:grindstone":1,"minecraft:oak_planks":2,"minecraft:diorite":1,"minecraft:wall_torch":4,"minecraft:pink_petals":1,"minecraft:wheat":39,"minecraft:white_carpet":1,"minecraft:yellow_bed":1,"minecraft:oak_log":36,"minecraft:coal_ore":38,"minecraft:beetroots":2,"minecraft:sunflower":1,"minecraft:dripstone_block":4,"minecraft:dirt":8,"minecraft:cobweb":111,"minecraft:gold_ore":1,"minecraft:oak_leaves":3,"minecraft:deepslate":14},"minecraft:crafted":{"minecraft:oak_planks":112,"minecraft:smooth_stone":7,"minecraft:furnace":1,"minecraft:blast_furnace":2,"minecraft:stone":7,"minecraft:white_carpet":3,"minecraft:cooked_mutton":5,"minecraft:bow":1,"minecraft:iron_boots":1,"minecraft:iron_axe":1,"minecraft:stone_pickaxe":2,"minecraft:chest":2,"minecraft:smoker":2,"minecraft:wheat":189,"minecraft:cooked_beef":56,"minecraft:cooked_porkchop":8,"minecraft:crafting_table":2,"minecraft:iron_helmet":1,"minecraft:wooden_pickaxe":1,"minecraft:baked_potato":12,"minecraft:iron_sword":2,"minecraft:copper_ingot":10,"minecraft:bucket":2,"minecraft:stone_axe":1,"minecraft:bread":72,"minecraft:air":0,"minecraft:iron_chestplate":1,"minecraft:wooden_hoe":1,"minecraft:shield":1,"minecraft:stick":72,"minecraft:iron_ingot":85,"minecraft:iron_pickaxe":2,"minecraft:iron_leggings":1,"minecraft:iron_shovel":1,"minecraft:gold_ingot":14,"minecraft:white_bed":1,"minecraft:torch":196},"minecraft:broken":{"minecraft:stone_pickaxe":2,"minecraft:stone_axe":1,"minecraft:iron_sword":1}},"DataVersion":3953}