{"stats":{"minecraft:broken":{"minecraft:stone_pickaxe":1,"minecraft:stone_axe":1},"minecraft:dropped":{"minecraft:wheat_seeds":3,"minecraft:cobblestone":3,"minecraft:brown_wool":1,"minecraft:sunflower":1,"minecraft:white_wool":3,"minecraft:pointed_dripstone":3,"minecraft:rotten_flesh":2,"minecraft:light_gray_wool":1,"minecraft:carrot":3,"minecraft:poppy":1,"minecraft:spider_eye":1,"minecraft:bow":1,"minecraft:wooden_pickaxe":2},"minecraft:custom":{"minecraft:mob_kills":55,"minecraft:interact_with_crafting_table":31,"minecraft:leave_game":1,"minecraft:time_since_death":112218,"minecraft:climb_one_cm":1600,"minecraft:sprint_one_cm":414438,"minecraft:walk_one_cm":304551,"minecraft:drop":17,"minecraft:talked_to_villager":12,"minecraft:play_time":112218,"minecraft:sneak_time":1662,"minecraft:walk_under_water_one_cm":5291,"minecraft:jump":2840,"minecraft:interact_with_brewingstand":1,"minecraft:interact_with_blast_furnace":12,"minecraft:walk_on_water_one_cm":8112,"minecraft:total_world_time":112218,"minecraft:interact_with_furnace":43,"minecraft:sleep_in_bed":3,"minecraft:time_since_rest":17646,"minecraft:damage_taken":1198,"minecraft:damage_dealt":6932,"minecraft:swim_one_cm":434,"minecraft:fly_one_cm":520174,"minecraft:open_chest":60,"minecraft:crouch_one_cm":3524,"minecraft:interact_with_smoker":23,"minecraft:fall_one_cm":83382},"minecraft:used":{"minecraft:oak_fence":2,"minecraft:iron_shovel":18,"minecraft:chest":2,"minecraft:iron_sword":23,"minecraft:rotten_flesh":15,"minecraft:torch":33,"minecraft:dirt":3,"minecraft:mutton":2,"minecraft:white_carpet":4,"minecraft:carrot":17,"minecraft:tuff":2,"minecraft:iron_axe":53,"minecraft:furnace":2,"minecraft:potato":26,"minecraft:cobbled_deepslate":5,"minecraft:wheat_seeds":33,"minecraft:cooked_mutton":3,"minecraft:water_bucket":11,"minecraft:stone_pickaxe":216,"minecraft:baked_potato":8,"minecraft:leather_chestplate":1,"minecraft:wooden_pickaxe":14,"minecraft:blast_furnace":2,"minecraft:white_bed":2,"minecraft:dripstone_block":4,"minecraft:smoker":2,"minecraft:wooden_hoe":35,"minecraft:bread":8,"minecraft:iron_pickaxe":5,"minecraft:stone_axe":78,"minecraft:fire_charge":1,"minecraft:cobblestone":36,"minecraft:cooked_porkchop":4,"minecraft:bucket":12,"minecraft:yellow_bed":1},"minecraft:picked_up":{"minecraft:wheat":7,"minecraft:wooden_pickaxe":1,"minecraft:gold_block":1,"minecraft:brewing_stand":1,"minecraft:raw_copper":10,"minecraft:white_carpet":1,"minecraft:beetroot":1,"minecraft:cobbled_deepslate":5,"minecraft:beef":56,"minecraft:poppy":1,"minecraft:light_gray_wool":1,"minecraft:furnace":6,"minecraft:raw_iron":72,"minecraft:oak_fence":2,"minecraft:torch":4,"minecraft:porkchop":8,"minecraft:pointed_dripstone":3,"minecraft:carrot":39,"minecraft:rotten_flesh":17,"minecraft:arrow":4,"minecraft:beetroot_seeds":5,"minecraft:hay_block":21,"minecraft:mutton":7,"minecraft:cobblestone":105,"minecraft:white_wool":8,"minecraft:leather_chestplate":1,"minecraft:leather":30,"minecraft:brown_wool":1,"minecraft:potato":34,"minecraft:tuff":2,"minecraft:oak_log":32,"minecraft:yellow_bed":1,"minecraft:gunpowder":1,"minecraft:dirt":3,"minecraft:cooked_mutton":1,"minecraft:bone":1,"minecraft:bow":2,"minecraft:wheat_seeds":55,"minecraft:grindstone":1,"minecraft:dripstone_block":4,"minecraft:white_bed":1,"minecraft:spider_eye":1,"minecraft:bread":1,"minecraft:coal":57,"minecraft:sunflower":1},"minecraft:crafted":{"minecraft:oak_planks":96,"minecraft:smooth_stone":7,"minecraft:blast_furnace":2,"minecraft:stone":7,"minecraft:white_carpet":3,"minecraft:cooked_mutton":5,"minecraft:iron_boots":1,"minecraft:iron_axe":1,"minecraft:stone_pickaxe":2,"minecraft:chest":2,"minecraft:smoker":2,"minecraft:wheat":189,"minecraft:cooked_beef":56,"minecraft:cooked_porkchop":8,"minecraft:wooden_pickaxe":1,"minecraft:baked_potato":12,"minecraft:iron_helmet":1,"minecraft:iron_sword":1,"minecraft:copper_ingot":10,"minecraft:bucket":1,"minecraft:stone_axe":1,"minecraft:bread":66,"minecraft:air":0,"minecraft:wooden_hoe":1,"minecraft:iron_chestplate":1,"minecraft:shield":1,"minecraft:stick":28,"minecraft:iron_ingot":84,"minecraft:iron_pickaxe":2,"minecraft:iron_leggings":1,"minecraft:iron_shovel":1,"minecraft:gold_ingot":10,"minecraft:white_bed":1,"minecraft:torch":32},"minecraft:killed":{"minecraft:spider":1,"minecraft:skeleton":3,"minecraft:pig":6,"minecraft:creeper":1,"minecraft:sheep":5,"minecraft:zombie":12,"minecraft:cow":27},"minecraft:mined":{"minecraft:tuff":2,"minecraft:white_bed":1,"minecraft:brewing_stand":1,"minecraft:grass_block":8,"minecraft:hay_block":22,"minecraft:furnace":6,"minecraft:carrots":18,"minecraft:iron_ore":54,"minecraft:gold_block":1,"minecraft:potatoes":13,"minecraft:deepslate_iron_ore":18,"minecraft:stone":92,"minecraft:white_wool":5,"minecraft:oak_fence":3,"minecraft:torch":3,"minecraft:short_grass":7,"minecraft:tall_grass":3,"minecraft:copper_ore":3,"minecraft:cobblestone":13,"minecraft:grindstone":1,"minecraft:diorite":1,"minecraft:wall_torch":1,"minecraft:pink_petals":1,"minecraft:wheat":39,"minecraft:white_carpet":1,"minecraft:yellow_bed":1,"minecraft:oak_log":32,"minecraft:coal_ore":33,"minecraft:beetroots":2,"minecraft:sunflower":1,"minecraft:dripstone_block":4,"minecraft:dirt":8,"minecraft:oak_leaves":3,"minecraft:deepslate":5}},"DataVersion":3953}