{"stats":{"minecraft:used":{"minecraft:oak_fence":2,"minecraft:iron_shovel":18,"minecraft:chest":2,"minecraft:shield":6,"minecraft:iron_sword":51,"minecraft:rotten_flesh":15,"minecraft:torch":77,"minecraft:dirt":3,"minecraft:mutton":2,"minecraft:white_carpet":4,"minecraft:carrot":17,"minecraft:tuff":2,"minecraft:iron_axe":54,"minecraft:furnace":2,"minecraft:cooked_beef":1,"minecraft:potato":26,"minecraft:cobbled_deepslate":5,"minecraft:wheat_seeds":33,"minecraft:cooked_mutton":3,"minecraft:water_bucket":16,"minecraft:stone_pickaxe":236,"minecraft:baked_potato":8,"minecraft:leather_chestplate":1,"minecraft:wooden_pickaxe":14,"minecraft:crafting_table":1,"minecraft:blast_furnace":2,"minecraft:white_bed":2,"minecraft:dripstone_block":4,"minecraft:smoker":2,"minecraft:wooden_hoe":35,"minecraft:bread":8,"minecraft:iron_pickaxe":5,"minecraft:stone_axe":78,"minecraft:fire_charge":1,"minecraft:cobblestone":54,"minecraft:cooked_porkchop":8,"minecraft:bucket":18,"minecraft:yellow_bed":1},"minecraft:picked_up":{"minecraft:crafting_table":1,"minecraft:wheat":7,"minecraft:wooden_pickaxe":1,"minecraft:gold_block":1,"minecraft:brewing_stand":1,"minecraft:string":2,"minecraft:raw_copper":10,"minecraft:white_carpet":1,"minecraft:beetroot":1,"minecraft:cobbled_deepslate":6,"minecraft:beef":56,"minecraft:poppy":1,"minecraft:light_gray_wool":1,"minecraft:furnace":6,"minecraft:raw_iron":91,"minecraft:oak_fence":2,"minecraft:torch":5,"minecraft:porkchop":8,"minecraft:pointed_dripstone":3,"minecraft:carrot":39,"minecraft:rotten_flesh":20,"minecraft:arrow":4,"minecraft:beetroot_seeds":5,"minecraft:hay_block":21,"minecraft:mutton":7,"minecraft:cobblestone":105,"minecraft:white_wool":8,"minecraft:rail":1,"minecraft:leather_chestplate":1,"minecraft:brown_wool":1,"minecraft:leather":30,"minecraft:potato":34,"minecraft:tuff":2,"minecraft:oak_log":32,"minecraft:yellow_bed":1,"minecraft:gunpowder":1,"minecraft:dirt":3,"minecraft:cooked_mutton":1,"minecraft:bone":1,"minecraft:bow":3,"minecraft:wheat_seeds":55,"minecraft:grindstone":1,"minecraft:oak_planks":1,"minecraft:dripstone_block":4,"minecraft:white_bed":1,"minecraft:spider_eye":1,"minecraft:bread":1,"minecraft:coal":57,"minecraft:sunflower":1},"minecraft:dropped":{"minecraft:wheat_seeds":3,"minecraft:cobblestone":3,"minecraft:rail":1,"minecraft:brown_wool":1,"minecraft:sunflower":1,"minecraft:string":2,"minecraft:white_wool":3,"minecraft:cobbled_deepslate":1,"minecraft:pointed_dripstone":3,"minecraft:rotten_flesh":5,"minecraft:light_gray_wool":1,"minecraft:carrot":3,"minecraft:poppy":1,"minecraft:spider_eye":1,"minecraft:bow":2,"minecraft:wooden_pickaxe":2},"minecraft:killed":{"minecraft:spider":1,"minecraft:skeleton":5,"minecraft:pig":6,"minecraft:creeper":1,"minecraft:sheep":5,"minecraft:zombie":17,"minecraft:cow":27},"minecraft:custom":{"minecraft:mob_kills":62,"minecraft:interact_with_crafting_table":32,"minecraft:leave_game":1,"minecraft:time_since_death":128651,"minecraft:climb_one_cm":1600,"minecraft:sprint_one_cm":497443,"minecraft:walk_one_cm":373446,"minecraft:damage_blocked_by_shield":280,"minecraft:drop":22,"minecraft:talked_to_villager":12,"minecraft:play_time":128651,"minecraft:sneak_time":2050,"minecraft:walk_under_water_one_cm":7042,"minecraft:jump":3166,"minecraft:interact_with_brewingstand":1,"minecraft:interact_with_blast_furnace":12,"minecraft:walk_on_water_one_cm":10682,"minecraft:total_world_time":128651,"minecraft:interact_with_furnace":43,"minecraft:sleep_in_bed":3,"minecraft:time_since_rest":34079,"minecraft:damage_taken":1548,"minecraft:damage_dealt":8428,"minecraft:swim_one_cm":434,"minecraft:fly_one_cm":559582,"minecraft:open_chest":60,"minecraft:crouch_one_cm":5158,"minecraft:interact_with_smoker":23,"minecraft:fall_one_cm":90729},"minecraft:mined":{"minecraft:tuff":2,"minecraft:white_bed":1,"minecraft:brewing_stand":1,"minecraft:grass_block":8,"minecraft:hay_block":22,"minecraft:furnace":6,"minecraft:carrots":18,"minecraft:iron_ore":71,"minecraft:gold_block":1,"minecraft:potatoes":13,"minecraft:deepslate_iron_ore":20,"minecraft:stone":92,"minecraft:white_wool":5,"minecraft:crafting_table":1,"minecraft:oak_fence":3,"minecraft:torch":3,"minecraft:short_grass":7,"minecraft:tall_grass":3,"minecraft:copper_ore":3,"minecraft:cobblestone":13,"minecraft:grindstone":1,"minecraft:diorite":1,"minecraft:wall_torch":1,"minecraft:pink_petals":1,"minecraft:wheat":39,"minecraft:white_carpet":1,"minecraft:yellow_bed":1,"minecraft:oak_log":32,"minecraft:coal_ore":33,"minecraft:beetroots":2,"minecraft:sunflower":1,"minecraft:dripstone_block":4,"minecraft:dirt":8,"minecraft:cobweb":1,"minecraft:oak_leaves":3,"minecraft:deepslate":6},"minecraft:crafted":{"minecraft:oak_planks":96,"minecraft:smooth_stone":7,"minecraft:blast_furnace":2,"minecraft:stone":7,"minecraft:white_carpet":3,"minecraft:cooked_mutton":5,"minecraft:iron_boots":1,"minecraft:iron_axe":1,"minecraft:stone_pickaxe":2,"minecraft:chest":2,"minecraft:smoker":2,"minecraft:wheat":189,"minecraft:cooked_beef":56,"minecraft:cooked_porkchop":8,"minecraft:crafting_table":1,"minecraft:wooden_pickaxe":1,"minecraft:baked_potato":12,"minecraft:iron_helmet":1,"minecraft:iron_sword":1,"minecraft:copper_ingot":10,"minecraft:bucket":2,"minecraft:stone_axe":1,"minecraft:bread":66,"minecraft:air":0,"minecraft:wooden_hoe":1,"minecraft:iron_chestplate":1,"minecraft:shield":1,"minecraft:stick":36,"minecraft:iron_ingot":84,"minecraft:iron_pickaxe":2,"minecraft:iron_leggings":1,"minecraft:iron_shovel":1,"minecraft:gold_ingot":10,"minecraft:white_bed":1,"minecraft:torch":64},"minecraft:broken":{"minecraft:stone_pickaxe":1,"minecraft:stone_axe":1}},"DataVersion":3953}