{"stats":{"minecraft:used":{"minecraft:wheat_seeds":4,"minecraft:bread":2,"minecraft:stone_pickaxe":79,"minecraft:baked_potato":4,"minecraft:wooden_pickaxe":14,"minecraft:leather_chestplate":1,"minecraft:rotten_flesh":7,"minecraft:torch":21,"minecraft:stone_axe":39,"minecraft:cobblestone":18,"minecraft:carrot":4,"minecraft:tuff":1,"minecraft:potato":1,"minecraft:cobbled_deepslate":5},"minecraft:picked_up":{"minecraft:raw_iron":33,"minecraft:leather_chestplate":1,"minecraft:wheat":3,"minecraft:wooden_pickaxe":1,"minecraft:potato":5,"minecraft:tuff":1,"minecraft:oak_log":18,"minecraft:gunpowder":1,"minecraft:white_bed":1,"minecraft:carrot":4,"minecraft:cooked_mutton":1,"minecraft:bone":1,"minecraft:arrow":4,"minecraft:rotten_flesh":9,"minecraft:bow":1,"minecraft:wheat_seeds":10,"minecraft:cobbled_deepslate":5,"minecraft:bread":1,"minecraft:coal":25,"minecraft:cobblestone":27},"minecraft:dropped":{"minecraft:wooden_pickaxe":2},"minecraft:killed":{"minecraft:skeleton":3,"minecraft:zombie":4,"minecraft:creeper":1},"minecraft:custom":{"minecraft:time_since_rest":28611,"minecraft:interact_with_furnace":5,"minecraft:sprint_one_cm":111874,"minecraft:damage_taken":524,"minecraft:walk_one_cm":73775,"minecraft:mob_kills":8,"minecraft:drop":2,"minecraft:damage_dealt":1569,"minecraft:swim_one_cm":350,"minecraft:interact_with_crafting_table":4,"minecraft:fly_one_cm":102753,"minecraft:open_chest":12,"minecraft:crouch_one_cm":186,"minecraft:play_time":28611,"minecraft:sneak_time":110,"minecraft:walk_under_water_one_cm":782,"minecraft:jump":648,"minecraft:leave_game":1,"minecraft:time_since_death":28611,"minecraft:walk_on_water_one_cm":3058,"minecraft:total_world_time":28611,"minecraft:fall_one_cm":22011},"minecraft:mined":{"minecraft:tuff":1,"minecraft:white_bed":1,"minecraft:carrots":1,"minecraft:iron_ore":26,"minecraft:wheat":4,"minecraft:short_grass":1,"minecraft:coal_ore":26,"minecraft:potatoes":1,"minecraft:oak_log":18,"minecraft:deepslate_iron_ore":7,"minecraft:cobblestone":13,"minecraft:stone":14,"minecraft:deepslate":5},"minecraft:crafted":{"minecraft:oak_planks":72,"minecraft:stick":16,"minecraft:wooden_pickaxe":1,"minecraft:baked_potato":4,"minecraft:stone_pickaxe":2,"minecraft:torch":32,"minecraft:stone_axe":1,"minecraft:bread":1,"minecraft:air":0}},"DataVersion":3953}