{"stats":{"minecraft:used":{"minecraft:wheat_seeds":4,"minecraft:bread":1,"minecraft:stone_pickaxe":35,"minecraft:baked_potato":2,"minecraft:wooden_pickaxe":14,"minecraft:leather_chestplate":1,"minecraft:rotten_flesh":1,"minecraft:torch":9,"minecraft:stone_axe":18,"minecraft:carrot":4,"minecraft:potato":1},"minecraft:picked_up":{"minecraft:raw_iron":3,"minecraft:leather_chestplate":1,"minecraft:wheat":3,"minecraft:wooden_pickaxe":1,"minecraft:potato":5,"minecraft:oak_log":18,"minecraft:white_bed":1,"minecraft:carrot":4,"minecraft:rotten_flesh":6,"minecraft:wheat_seeds":10,"minecraft:coal":25,"minecraft:cobblestone":19},"minecraft:dropped":{"minecraft:wooden_pickaxe":2},"minecraft:killed":{"minecraft:zombie":2},"minecraft:custom":{"minecraft:time_since_rest":16611,"minecraft:interact_with_furnace":5,"minecraft:sprint_one_cm":69678,"minecraft:damage_taken":194,"minecraft:walk_one_cm":30990,"minecraft:mob_kills":2,"minecraft:drop":2,"minecraft:damage_dealt":347,"minecraft:interact_with_crafting_table":4,"minecraft:fly_one_cm":76134,"minecraft:open_chest":12,"minecraft:crouch_one_cm":41,"minecraft:play_time":16611,"minecraft:sneak_time":4,"minecraft:jump":379,"minecraft:leave_game":1,"minecraft:time_since_death":16611,"minecraft:walk_on_water_one_cm":30,"minecraft:total_world_time":16611,"minecraft:fall_one_cm":13754},"minecraft:mined":{"minecraft:white_bed":1,"minecraft:carrots":1,"minecraft:iron_ore":3,"minecraft:wheat":4,"minecraft:short_grass":1,"minecraft:coal_ore":26,"minecraft:potatoes":1,"minecraft:oak_log":18,"minecraft:cobblestone":13,"minecraft:stone":6},"minecraft:crafted":{"minecraft:oak_planks":72,"minecraft:stick":16,"minecraft:wooden_pickaxe":1,"minecraft:baked_potato":4,"minecraft:stone_pickaxe":2,"minecraft:torch":32,"minecraft:stone_axe":1,"minecraft:bread":1,"minecraft:air":0}},"DataVersion":3953}