{"stats":{"minecraft:used":{"minecraft:cooked_mutton":1,"minecraft:wheat_seeds":4,"minecraft:bread":2,"minecraft:stone_pickaxe":132,"minecraft:baked_potato":4,"minecraft:wooden_pickaxe":14,"minecraft:leather_chestplate":1,"minecraft:rotten_flesh":15,"minecraft:torch":30,"minecraft:stone_axe":55,"minecraft:cobblestone":26,"minecraft:carrot":4,"minecraft:tuff":2,"minecraft:potato":2,"minecraft:cobbled_deepslate":5},"minecraft:picked_up":{"minecraft:raw_iron":72,"minecraft:leather_chestplate":1,"minecraft:wheat":3,"minecraft:torch":3,"minecraft:wooden_pickaxe":1,"minecraft:potato":6,"minecraft:tuff":2,"minecraft:oak_log":18,"minecraft:gunpowder":1,"minecraft:white_bed":1,"minecraft:carrot":4,"minecraft:raw_copper":10,"minecraft:cooked_mutton":1,"minecraft:bone":1,"minecraft:arrow":4,"minecraft:rotten_flesh":15,"minecraft:bow":1,"minecraft:wheat_seeds":10,"minecraft:cobbled_deepslate":5,"minecraft:bread":1,"minecraft:coal":25,"minecraft:cobblestone":36},"minecraft:dropped":{"minecraft:wooden_pickaxe":2},"minecraft:killed":{"minecraft:skeleton":3,"minecraft:zombie":10,"minecraft:creeper":1},"minecraft:custom":{"minecraft:time_since_rest":46611,"minecraft:interact_with_furnace":5,"minecraft:sprint_one_cm":180930,"minecraft:damage_taken":681,"minecraft:walk_one_cm":137459,"minecraft:mob_kills":14,"minecraft:drop":2,"minecraft:damage_dealt":2437,"minecraft:swim_one_cm":350,"minecraft:interact_with_crafting_table":4,"minecraft:fly_one_cm":178087,"minecraft:open_chest":12,"minecraft:crouch_one_cm":1363,"minecraft:play_time":46611,"minecraft:sneak_time":450,"minecraft:walk_under_water_one_cm":3932,"minecraft:jump":1238,"minecraft:leave_game":1,"minecraft:time_since_death":46611,"minecraft:walk_on_water_one_cm":6320,"minecraft:total_world_time":46611,"minecraft:fall_one_cm":36024},"minecraft:mined":{"minecraft:tuff":2,"minecraft:white_bed":1,"minecraft:carrots":1,"minecraft:iron_ore":54,"minecraft:wheat":4,"minecraft:torch":2,"minecraft:short_grass":1,"minecraft:coal_ore":26,"minecraft:potatoes":1,"minecraft:oak_log":18,"minecraft:deepslate_iron_ore":18,"minecraft:copper_ore":3,"minecraft:cobblestone":13,"minecraft:stone":23,"minecraft:diorite":1,"minecraft:wall_torch":1,"minecraft:deepslate":5},"minecraft:crafted":{"minecraft:oak_planks":72,"minecraft:stick":16,"minecraft:wooden_pickaxe":1,"minecraft:baked_potato":4,"minecraft:stone_pickaxe":2,"minecraft:torch":32,"minecraft:stone_axe":1,"minecraft:bread":1,"minecraft:air":0},"minecraft:broken":{"minecraft:stone_pickaxe":1}},"DataVersion":3953}