{"stats":{"minecraft:used":{"minecraft:oak_fence":2,"minecraft:wheat_seeds":4,"minecraft:cooked_mutton":1,"minecraft:stone_pickaxe":136,"minecraft:baked_potato":4,"minecraft:chest":2,"minecraft:leather_chestplate":1,"minecraft:wooden_pickaxe":14,"minecraft:rotten_flesh":15,"minecraft:torch":31,"minecraft:mutton":2,"minecraft:white_carpet":4,"minecraft:carrot":5,"minecraft:white_bed":2,"minecraft:dripstone_block":4,"minecraft:tuff":2,"minecraft:bread":2,"minecraft:stone_axe":64,"minecraft:cobblestone":27,"minecraft:cooked_porkchop":1,"minecraft:bucket":1,"minecraft:yellow_bed":1,"minecraft:potato":8,"minecraft:cobbled_deepslate":5},"minecraft:picked_up":{"minecraft:wheat":3,"minecraft:leather_chestplate":1,"minecraft:brown_wool":1,"minecraft:wooden_pickaxe":1,"minecraft:potato":16,"minecraft:tuff":2,"minecraft:oak_log":18,"minecraft:yellow_bed":1,"minecraft:gunpowder":1,"minecraft:raw_copper":10,"minecraft:cooked_mutton":1,"minecraft:white_carpet":1,"minecraft:bone":1,"minecraft:bow":1,"minecraft:wheat_seeds":10,"minecraft:cobbled_deepslate":5,"minecraft:light_gray_wool":1,"minecraft:raw_iron":72,"minecraft:oak_fence":2,"minecraft:torch":4,"minecraft:dripstone_block":4,"minecraft:porkchop":2,"minecraft:pointed_dripstone":3,"minecraft:white_bed":1,"minecraft:carrot":8,"minecraft:arrow":4,"minecraft:rotten_flesh":15,"minecraft:bread":1,"minecraft:mutton":4,"minecraft:coal":25,"minecraft:white_wool":6,"minecraft:cobblestone":36},"minecraft:dropped":{"minecraft:pointed_dripstone":3,"minecraft:light_gray_wool":1,"minecraft:carrot":3,"minecraft:brown_wool":1,"minecraft:wooden_pickaxe":2,"minecraft:white_wool":1},"minecraft:killed":{"minecraft:pig":2,"minecraft:creeper":1,"minecraft:sheep":3,"minecraft:skeleton":3,"minecraft:zombie":10},"minecraft:custom":{"minecraft:interact_with_furnace":22,"minecraft:mob_kills":19,"minecraft:interact_with_crafting_table":13,"minecraft:leave_game":1,"minecraft:time_since_death":58611,"minecraft:time_since_rest":58611,"minecraft:sprint_one_cm":205638,"minecraft:damage_taken":711,"minecraft:walk_one_cm":182622,"minecraft:drop":9,"minecraft:damage_dealt":2877,"minecraft:talked_to_villager":5,"minecraft:swim_one_cm":350,"minecraft:fly_one_cm":201805,"minecraft:open_chest":16,"minecraft:crouch_one_cm":1628,"minecraft:play_time":58611,"minecraft:sneak_time":662,"minecraft:walk_under_water_one_cm":3932,"minecraft:jump":1459,"minecraft:walk_on_water_one_cm":6490,"minecraft:total_world_time":58611,"minecraft:fall_one_cm":40693},"minecraft:mined":{"minecraft:tuff":2,"minecraft:white_bed":1,"minecraft:oak_fence":2,"minecraft:torch":3,"minecraft:short_grass":2,"minecraft:copper_ore":3,"minecraft:cobblestone":13,"minecraft:diorite":1,"minecraft:wall_torch":1,"minecraft:carrots":2,"minecraft:iron_ore":54,"minecraft:wheat":4,"minecraft:white_carpet":1,"minecraft:yellow_bed":1,"minecraft:oak_log":18,"minecraft:potatoes":4,"minecraft:coal_ore":26,"minecraft:deepslate_iron_ore":18,"minecraft:dripstone_block":4,"minecraft:stone":23,"minecraft:white_wool":5,"minecraft:deepslate":5},"minecraft:crafted":{"minecraft:oak_planks":72,"minecraft:cooked_porkchop":2,"minecraft:wooden_pickaxe":1,"minecraft:baked_potato":4,"minecraft:iron_helmet":1,"minecraft:iron_sword":1,"minecraft:bucket":1,"minecraft:stone_axe":1,"minecraft:white_carpet":3,"minecraft:cooked_mutton":2,"minecraft:bread":1,"minecraft:air":0,"minecraft:iron_chestplate":1,"minecraft:iron_boots":1,"minecraft:shield":1,"minecraft:iron_axe":1,"minecraft:stick":24,"minecraft:iron_ingot":56,"minecraft:iron_pickaxe":1,"minecraft:stone_pickaxe":2,"minecraft:chest":2,"minecraft:iron_leggings":1,"minecraft:white_bed":1,"minecraft:torch":32},"minecraft:broken":{"minecraft:stone_pickaxe":1}},"DataVersion":3953}