{"stats":{"minecraft:used":{"minecraft:cooked_mutton":2,"minecraft:stone_sword":5,"minecraft:stone_pickaxe":18,"minecraft:wooden_pickaxe":59,"minecraft:wooden_sword":13,"minecraft:dirt":26,"minecraft:cobblestone":9,"minecraft:crafting_table":3,"minecraft:furnace":2,"minecraft:cooked_porkchop":1,"minecraft:white_bed":1},"minecraft:picked_up":{"minecraft:crafting_table":2,"minecraft:porkchop":9,"minecraft:oak_log":5,"minecraft:dirt":39,"minecraft:wheat_seeds":1,"minecraft:coal":18,"minecraft:mutton":5,"minecraft:white_wool":3,"minecraft:cobblestone":58,"minecraft:furnace":1},"minecraft:dropped":{"minecraft:wheat_seeds":1,"minecraft:wooden_sword":1},"minecraft:killed":{"minecraft:sheep":3,"minecraft:pig":4},"minecraft:custom":{"minecraft:time_since_rest":42803,"minecraft:interact_with_furnace":5,"minecraft:sprint_one_cm":28881,"minecraft:damage_taken":240,"minecraft:walk_one_cm":30441,"minecraft:mob_kills":7,"minecraft:drop":2,"minecraft:damage_dealt":658,"minecraft:interact_with_crafting_table":8,"minecraft:fly_one_cm":68595,"minecraft:crouch_one_cm":11279,"minecraft:play_time":42803,"minecraft:sneak_time":4788,"minecraft:jump":348,"minecraft:leave_game":1,"minecraft:time_since_death":42803,"minecraft:total_world_time":42803,"minecraft:fall_one_cm":10613},"minecraft:mined":{"minecraft:furnace":1,"minecraft:crafting_table":2,"minecraft:short_grass":12,"minecraft:grass_block":10,"minecraft:oak_log":5,"minecraft:coal_ore":18,"minecraft:dirt":32,"minecraft:cobblestone":3,"minecraft:stone":55,"minecraft:oak_leaves":1},"minecraft:crafted":{"minecraft:wooden_sword":1,"minecraft:oak_planks":20,"minecraft:cooked_porkchop":9,"minecraft:crafting_table":1,"minecraft:stick":8,"minecraft:wooden_pickaxe":1,"minecraft:stone_pickaxe":1,"minecraft:stone_sword":1,"minecraft:furnace":1,"minecraft:white_bed":1,"minecraft:stone_axe":1,"minecraft:cooked_mutton":2,"minecraft:air":0},"minecraft:broken":{"minecraft:wooden_pickaxe":1}},"DataVersion":3953}