{"stats":{"minecraft:dropped":{"minecraft:water_bucket":3,"minecraft:iron_ingot":2,"minecraft:bread":1,"minecraft:wheat_seeds":20,"minecraft:cooked_beef":1,"minecraft:dripstone_block":3,"minecraft:polished_tuff":22,"minecraft:coal":16,"minecraft:golden_apple":1,"minecraft:stick":2,"minecraft:dirt":2,"minecraft:torch":1,"minecraft:iron_leggings":1,"minecraft:wooden_sword":1,"minecraft:string":9,"minecraft:oak_door":1,"minecraft:gravel":5,"minecraft:cobbled_deepslate":2,"minecraft:tuff":18,"minecraft:wheat":37,"minecraft:rotten_flesh":11,"minecraft:oak_planks":7,"minecraft:iron_boots":1,"minecraft:cooked_mutton":6,"minecraft:honey_bottle":5,"minecraft:filled_map":1,"minecraft:leather_chestplate":1,"minecraft:shield":1,"minecraft:gunpowder":1,"minecraft:trial_key":9,"minecraft:iron_chestplate":6,"minecraft:lingering_potion":2,"minecraft:arrow":3,"minecraft:bow":3,"minecraft:stone_pickaxe":1,"minecraft:calcite":1},"minecraft:custom":{"minecraft:mob_kills":221,"minecraft:animals_bred":3,"minecraft:interact_with_crafting_table":49,"minecraft:open_barrel":4,"minecraft:eat_cake_slice":4,"minecraft:leave_game":4,"minecraft:time_since_death":274224,"minecraft:climb_one_cm":12544,"minecraft:sprint_one_cm":954076,"minecraft:walk_one_cm":1216631,"minecraft:damage_blocked_by_shield":1510,"minecraft:drop":78,"minecraft:talked_to_villager":6,"minecraft:play_time":416808,"minecraft:deaths":1,"minecraft:sneak_time":27280,"minecraft:walk_under_water_one_cm":37757,"minecraft:boat_one_cm":45275,"minecraft:jump":9322,"minecraft:interact_with_blast_furnace":13,"minecraft:walk_on_water_one_cm":36138,"minecraft:total_world_time":416808,"minecraft:interact_with_furnace":90,"minecraft:sleep_in_bed":13,"minecraft:time_since_rest":61165,"minecraft:damage_taken":4988,"minecraft:damage_dealt":31734,"minecraft:swim_one_cm":53634,"minecraft:fly_one_cm":1730860,"minecraft:open_chest":144,"minecraft:crouch_one_cm":71687,"minecraft:interact_with_smoker":32,"minecraft:fall_one_cm":287289,"minecraft:inspect_dispenser":30},"minecraft:crafted":{"minecraft:wooden_sword":1,"minecraft:oak_planks":280,"minecraft:furnace":2,"minecraft:bone_meal":39,"minecraft:cooked_mutton":40,"minecraft:iron_boots":3,"minecraft:stone_pickaxe":4,"minecraft:chest":1,"minecraft:wheat":99,"minecraft:cooked_beef":33,"minecraft:diamond_sword":1,"minecraft:cooked_porkchop":46,"minecraft:diamond_axe":1,"minecraft:crafting_table":2,"minecraft:wooden_pickaxe":1,"minecraft:baked_potato":21,"minecraft:iron_helmet":3,"minecraft:iron_sword":1,"minecraft:bucket":2,"minecraft:stone_axe":1,"minecraft:bread":28,"minecraft:air":0,"minecraft:oak_boat":4,"minecraft:iron_chestplate":2,"minecraft:diamond_pickaxe":1,"minecraft:shield":3,"minecraft:stick":56,"minecraft:iron_ingot":176,"minecraft:iron_pickaxe":3,"minecraft:stone_sword":1,"minecraft:iron_leggings":2,"minecraft:white_bed":1,"minecraft:torch":80},"minecraft:used":{"minecraft:oak_fence":6,"minecraft:stone_sword":139,"minecraft:chest":1,"minecraft:shield":68,"minecraft:iron_sword":251,"minecraft:rotten_flesh":1,"minecraft:trial_key":5,"minecraft:iron_chestplate":1,"minecraft:torch":89,"minecraft:dirt":43,"minecraft:carrot":15,"minecraft:tuff":2,"minecraft:granite":10,"minecraft:iron_helmet":2,"minecraft:iron_boots":3,"minecraft:smooth_basalt":10,"minecraft:light_gray_wool":2,"minecraft:bow":38,"minecraft:furnace":4,"minecraft:cooked_beef":33,"minecraft:potato":31,"minecraft:cobbled_deepslate":74,"minecraft:iron_leggings":2,"minecraft:wheat_seeds":2,"minecraft:cooked_mutton":13,"minecraft:water_bucket":9,"minecraft:diorite":8,"minecraft:stone_pickaxe":187,"minecraft:baked_potato":15,"minecraft:wooden_pickaxe":59,"minecraft:diamond_axe":2,"minecraft:sand":3,"minecraft:crafting_table":8,"minecraft:white_bed":5,"minecraft:lingering_potion":1,"minecraft:cake":1,"minecraft:oak_log":2,"minecraft:diamond_pickaxe":30,"minecraft:bread":17,"minecraft:iron_pickaxe":619,"minecraft:gravel":1,"minecraft:stone_axe":122,"minecraft:pink_petals":4,"minecraft:diamond_sword":171,"minecraft:wooden_sword":13,"minecraft:cobblestone":134,"minecraft:cooked_porkchop":9,"minecraft:bucket":10,"minecraft:andesite":18,"minecraft:oak_boat":3,"minecraft:bone_meal":37},"minecraft:broken":{"minecraft:stone_sword":1,"minecraft:wooden_pickaxe":1,"minecraft:stone_pickaxe":1,"minecraft:iron_pickaxe":2,"minecraft:iron_helmet":1},"minecraft:killed":{"minecraft:cave_spider":14,"minecraft:witch":1,"minecraft:spider":4,"minecraft:skeleton":55,"minecraft:husk":12,"minecraft:pig":23,"minecraft:wandering_trader":1,"minecraft:creeper":3,"minecraft:sheep":28,"minecraft:trader_llama":2,"minecraft:zombie":38,"minecraft:stray":8,"minecraft:breeze":4,"minecraft:cow":17},"minecraft:picked_up":{"minecraft:iron_chestplate":7,"minecraft:waxed_oxidized_cut_copper":1,"minecraft:crafting_table":7,"minecraft:wheat":4,"minecraft:lead":2,"minecraft:potion":1,"minecraft:shield":2,"minecraft:brick":64,"minecraft:string":34,"minecraft:iron_axe":1,"minecraft:cobbled_deepslate":96,"minecraft:beef":44,"minecraft:trial_key":14,"minecraft:oak_boat":2,"minecraft:calcite":1,"minecraft:iron_pickaxe":1,"minecraft:light_gray_wool":2,"minecraft:egg":4,"minecraft:furnace":4,"minecraft:tipped_arrow":19,"minecraft:stick":5,"minecraft:raw_iron":201,"minecraft:sandstone":2,"minecraft:oak_door":1,"minecraft:oak_fence":6,"minecraft:torch":3,"minecraft:porkchop":46,"minecraft:diorite":15,"minecraft:carrot":18,"minecraft:redstone":6,"minecraft:honey_bottle":5,"minecraft:stone_sword":1,"minecraft:arrow":125,"minecraft:rotten_flesh":36,"minecraft:hay_block":11,"minecraft:tuff_bricks":9,"minecraft:mutton":40,"minecraft:rail":6,"minecraft:cobblestone":191,"minecraft:white_wool":22,"minecraft:pink_petals":4,"minecraft:cooked_beef":1,"minecraft:golden_carrot":1,"minecraft:water_bucket":3,"minecraft:andesite":18,"minecraft:brown_wool":2,"minecraft:leather":20,"minecraft:potato":52,"minecraft:tuff":27,"minecraft:oak_log":72,"minecraft:gunpowder":5,"minecraft:dirt":45,"minecraft:lapis_lazuli":379,"minecraft:bone":61,"minecraft:bow":7,"minecraft:wheat_seeds":27,"minecraft:stone_pickaxe":1,"minecraft:iron_ingot":27,"minecraft:smooth_basalt":10,"minecraft:gravel":6,"minecraft:dripstone_block":3,"minecraft:sand":3,"minecraft:white_bed":4,"minecraft:polished_tuff":22,"minecraft:diamond":53,"minecraft:breeze_rod":3,"minecraft:granite":11,"minecraft:golden_apple":1,"minecraft:gray_wool":2,"minecraft:bread":2,"minecraft:emerald":22,"minecraft:coal":163},"minecraft:mined":{"minecraft:tuff":27,"minecraft:white_bed":4,"minecraft:deepslate_diamond_ore":39,"minecraft:oak_door":1,"minecraft:waxed_oxidized_chiseled_copper":1,"minecraft:granite":10,"minecraft:grass_block":15,"minecraft:decorated_pot":32,"minecraft:chiseled_tuff_bricks":3,"minecraft:sandstone":2,"minecraft:tuff_bricks":12,"minecraft:spawner":1,"minecraft:hay_block":11,"minecraft:waxed_oxidized_cut_copper":1,"minecraft:furnace":4,"minecraft:carrots":12,"minecraft:waxed_copper_grate":3,"minecraft:fire":1,"minecraft:iron_ore":150,"minecraft:cobbled_deepslate":4,"minecraft:polished_tuff":6,"minecraft:andesite":19,"minecraft:deepslate_lapis_ore":23,"minecraft:chiseled_tuff":2,"minecraft:potatoes":24,"minecraft:deepslate_iron_ore":33,"minecraft:rail":5,"minecraft:stone":179,"minecraft:powder_snow":31,"minecraft:oak_fence":5,"minecraft:crafting_table":6,"minecraft:short_grass":136,"minecraft:emerald_ore":1,"minecraft:calcite":4,"minecraft:tall_grass":5,"minecraft:cobblestone":7,"minecraft:red_glazed_terracotta":1,"minecraft:lapis_ore":16,"minecraft:diorite":14,"minecraft:wall_torch":1,"minecraft:amethyst_block":3,"minecraft:wheat":8,"minecraft:oak_log":72,"minecraft:coal_ore":159,"minecraft:flower_pot":1,"minecraft:gravel":6,"minecraft:sand":3,"minecraft:dirt":34,"minecraft:cobweb":1,"minecraft:smooth_basalt":10,"minecraft:oak_leaves":8,"minecraft:deepslate_emerald_ore":1,"minecraft:deepslate":110}},"DataVersion":3953}