{"stats":{"minecraft:used":{"minecraft:oak_fence":3,"minecraft:cooked_mutton":4,"minecraft:stone_sword":19,"minecraft:stone_pickaxe":76,"minecraft:chest":1,"minecraft:wooden_pickaxe":59,"minecraft:dirt":40,"minecraft:crafting_table":3,"minecraft:carrot":1,"minecraft:white_bed":2,"minecraft:stone_axe":9,"minecraft:wooden_sword":13,"minecraft:cobblestone":9,"minecraft:furnace":2,"minecraft:cooked_porkchop":2,"minecraft:potato":1},"minecraft:picked_up":{"minecraft:crafting_table":3,"minecraft:leather":4,"minecraft:potato":1,"minecraft:oak_log":6,"minecraft:dirt":41,"minecraft:wheat_seeds":9,"minecraft:beef":11,"minecraft:furnace":2,"minecraft:raw_iron":6,"minecraft:oak_fence":3,"minecraft:porkchop":9,"minecraft:white_bed":1,"minecraft:carrot":1,"minecraft:hay_block":11,"minecraft:mutton":5,"minecraft:coal":63,"minecraft:cobblestone":62,"minecraft:white_wool":3},"minecraft:dropped":{"minecraft:wheat_seeds":8,"minecraft:wheat":35,"minecraft:wooden_sword":1},"minecraft:killed":{"minecraft:pig":4,"minecraft:sheep":3,"minecraft:cow":5},"minecraft:custom":{"minecraft:interact_with_furnace":8,"minecraft:mob_kills":12,"minecraft:interact_with_crafting_table":9,"minecraft:leave_game":2,"minecraft:time_since_death":77225,"minecraft:sleep_in_bed":2,"minecraft:time_since_rest":10572,"minecraft:sprint_one_cm":94286,"minecraft:damage_taken":320,"minecraft:walk_one_cm":85239,"minecraft:drop":10,"minecraft:damage_dealt":1158,"minecraft:swim_one_cm":3465,"minecraft:talked_to_villager":1,"minecraft:fly_one_cm":213979,"minecraft:open_chest":6,"minecraft:crouch_one_cm":16471,"minecraft:play_time":77225,"minecraft:sneak_time":6328,"minecraft:walk_under_water_one_cm":684,"minecraft:jump":1001,"minecraft:walk_on_water_one_cm":233,"minecraft:total_world_time":77225,"minecraft:fall_one_cm":34895},"minecraft:mined":{"minecraft:white_bed":1,"minecraft:oak_fence":3,"minecraft:crafting_table":3,"minecraft:short_grass":79,"minecraft:grass_block":13,"minecraft:cobblestone":3,"minecraft:hay_block":11,"minecraft:furnace":2,"minecraft:carrots":1,"minecraft:iron_ore":6,"minecraft:wheat":1,"minecraft:coal_ore":63,"minecraft:potatoes":1,"minecraft:oak_log":6,"minecraft:dirt":32,"minecraft:stone":59,"minecraft:oak_leaves":1},"minecraft:crafted":{"minecraft:wooden_sword":1,"minecraft:oak_planks":24,"minecraft:cooked_porkchop":9,"minecraft:crafting_table":1,"minecraft:wooden_pickaxe":1,"minecraft:furnace":1,"minecraft:stone_axe":1,"minecraft:cooked_mutton":5,"minecraft:air":0,"minecraft:stick":8,"minecraft:stone_pickaxe":1,"minecraft:stone_sword":1,"minecraft:chest":1,"minecraft:white_bed":1,"minecraft:wheat":99},"minecraft:broken":{"minecraft:wooden_pickaxe":1}},"DataVersion":3953}