{"stats":{"minecraft:dropped":{"minecraft:cooked_beef":24,"minecraft:baked_potato":1,"minecraft:diamond":1,"minecraft:leather":18,"minecraft:dirt":39,"minecraft:wooden_sword":1,"minecraft:gold_ingot":8,"minecraft:oak_door":1,"minecraft:gravel":5,"minecraft:cobbled_deepslate":2,"minecraft:wheat":37,"minecraft:rotten_flesh":14,"minecraft:oak_planks":127,"minecraft:cooked_mutton":10,"minecraft:honey_bottle":5,"minecraft:leather_chestplate":1,"minecraft:gunpowder":2,"minecraft:lingering_potion":2,"minecraft:breeze_rod":5,"minecraft:arrow":6,"minecraft:bread":8,"minecraft:golden_boots":1,"minecraft:water_bucket":3,"minecraft:iron_ingot":12,"minecraft:wheat_seeds":32,"minecraft:dripstone_block":3,"minecraft:cobblestone":1,"minecraft:polished_tuff":22,"minecraft:golden_apple":3,"minecraft:coal":16,"minecraft:stick":6,"minecraft:torch":1,"minecraft:fire_charge":84,"minecraft:potion":1,"minecraft:iron_leggings":2,"minecraft:paper":30,"minecraft:string":9,"minecraft:bucket":1,"minecraft:dandelion":1,"minecraft:redstone":11,"minecraft:tuff":18,"minecraft:guster_banner_pattern":1,"minecraft:iron_boots":1,"minecraft:filled_map":1,"minecraft:shield":6,"minecraft:trial_key":9,"minecraft:iron_chestplate":6,"minecraft:andesite":1,"minecraft:oak_boat":2,"minecraft:bow":5,"minecraft:stone_pickaxe":1,"minecraft:calcite":1},"minecraft:broken":{"minecraft:iron_shovel":2,"minecraft:stone_pickaxe":1,"minecraft:stone_sword":1,"minecraft:wooden_pickaxe":1,"minecraft:iron_axe":2,"minecraft:iron_pickaxe":4,"minecraft:iron_helmet":2},"minecraft:used":{"minecraft:tuff_bricks":66,"minecraft:iron_shovel":545,"minecraft:chest":13,"minecraft:shield":111,"minecraft:iron_sword":251,"minecraft:rotten_flesh":1,"minecraft:iron_chestplate":1,"minecraft:carrot":16,"minecraft:tuff":28,"minecraft:glass":49,"minecraft:iron_helmet":2,"minecraft:bow":49,"minecraft:hay_block":1,"minecraft:furnace":4,"minecraft:egg":1,"minecraft:potato":31,"minecraft:diorite":8,"minecraft:stone_pickaxe":278,"minecraft:powered_rail":39,"minecraft:wooden_pickaxe":59,"minecraft:sugar_cane":35,"minecraft:diamond_axe":2,"minecraft:sand":3,"minecraft:lingering_potion":1,"minecraft:redstone_torch":6,"minecraft:bread":17,"minecraft:lectern":28,"minecraft:gravel":1,"minecraft:diamond_sword":466,"minecraft:wooden_sword":13,"minecraft:andesite":21,"minecraft:oak_boat":22,"minecraft:bone_meal":37,"minecraft:oak_fence":7,"minecraft:stone_sword":139,"minecraft:redstone":16,"minecraft:netherrack":54,"minecraft:trial_key":9,"minecraft:oak_door":6,"minecraft:torch":153,"minecraft:dirt":1817,"minecraft:hopper":1,"minecraft:granite":10,"minecraft:iron_axe":775,"minecraft:iron_boots":3,"minecraft:smooth_basalt":10,"minecraft:light_gray_wool":2,"minecraft:minecart":5,"minecraft:cooked_beef":38,"minecraft:cobbled_deepslate":161,"minecraft:observer":17,"minecraft:iron_leggings":2,"minecraft:wheat_seeds":2,"minecraft:cooked_mutton":34,"minecraft:water_bucket":38,"minecraft:baked_potato":16,"minecraft:rail":266,"minecraft:oak_slab":12,"minecraft:crafting_table":10,"minecraft:white_bed":5,"minecraft:cake":1,"minecraft:oak_log":8,"minecraft:piston":16,"minecraft:diamond_pickaxe":60,"minecraft:oak_button":2,"minecraft:iron_pickaxe":1456,"minecraft:detector_rail":2,"minecraft:stone_axe":122,"minecraft:pink_petals":4,"minecraft:cobblestone":318,"minecraft:white_banner":2,"minecraft:cooked_porkchop":59,"minecraft:bucket":40,"minecraft:dandelion":2},"minecraft:custom":{"minecraft:animals_bred":3,"minecraft:interact_with_crafting_table":108,"minecraft:open_barrel":6,"minecraft:bell_ring":62,"minecraft:eat_cake_slice":4,"minecraft:leave_game":13,"minecraft:time_since_death":722970,"minecraft:sprint_one_cm":1933504,"minecraft:damage_blocked_by_shield":2699,"minecraft:drop":168,"minecraft:talked_to_villager":158,"minecraft:play_time":865554,"minecraft:deaths":1,"minecraft:jump":18885,"minecraft:walk_on_water_one_cm":127656,"minecraft:enchant_item":2,"minecraft:interact_with_furnace":96,"minecraft:traded_with_villager":75,"minecraft:sleep_in_bed":35,"minecraft:damage_dealt":50485,"minecraft:crouch_one_cm":206793,"minecraft:interact_with_smoker":66,"minecraft:inspect_dispenser":45,"minecraft:interact_with_anvil":2,"minecraft:mob_kills":343,"minecraft:climb_one_cm":26709,"minecraft:walk_one_cm":2427130,"minecraft:sneak_time":65570,"minecraft:walk_under_water_one_cm":117038,"minecraft:boat_one_cm":628842,"minecraft:interact_with_blast_furnace":29,"minecraft:total_world_time":865554,"minecraft:time_since_rest":11406,"minecraft:damage_taken":9025,"minecraft:minecart_one_cm":95562,"minecraft:swim_one_cm":219060,"minecraft:fly_one_cm":3769727,"minecraft:open_chest":385,"minecraft:fall_one_cm":540460},"minecraft:mined":{"minecraft:white_bed":4,"minecraft:farmland":7,"minecraft:granite":11,"minecraft:grass_block":283,"minecraft:chiseled_tuff_bricks":3,"minecraft:tuff_bricks":14,"minecraft:spawner":1,"minecraft:iron_ore":178,"minecraft:cobbled_deepslate":23,"minecraft:fire":1,"minecraft:polished_tuff":6,"minecraft:deepslate_lapis_ore":29,"minecraft:dirt_path":82,"minecraft:white_banner":1,"minecraft:deepslate_redstone_ore":69,"minecraft:powder_snow":31,"minecraft:torch":1,"minecraft:calcite":4,"minecraft:chest":4,"minecraft:nether_quartz_ore":59,"minecraft:cobblestone":46,"minecraft:sugar_cane":40,"minecraft:oak_planks":13,"minecraft:wall_torch":6,"minecraft:amethyst_block":3,"minecraft:seagrass":1,"minecraft:powered_rail":5,"minecraft:birch_log":322,"minecraft:wheat":8,"minecraft:oak_log":409,"minecraft:sand":3,"minecraft:dirt":415,"minecraft:smooth_basalt":10,"minecraft:netherrack":68,"minecraft:oak_leaves":64,"minecraft:deepslate":179,"minecraft:nether_gold_ore":12,"minecraft:diamond_ore":1,"minecraft:tuff":67,"minecraft:mossy_cobblestone":2,"minecraft:deepslate_diamond_ore":86,"minecraft:oak_door":6,"minecraft:waxed_oxidized_chiseled_copper":1,"minecraft:decorated_pot":32,"minecraft:sandstone":2,"minecraft:hay_block":97,"minecraft:waxed_oxidized_cut_copper":1,"minecraft:furnace":4,"minecraft:carrots":34,"minecraft:waxed_copper_grate":3,"minecraft:andesite":22,"minecraft:detector_rail":2,"minecraft:chiseled_tuff":2,"minecraft:bell":1,"minecraft:potatoes":24,"minecraft:deepslate_iron_ore":83,"minecraft:rail":153,"minecraft:stripped_oak_log":17,"minecraft:stone":359,"minecraft:oak_slab":6,"minecraft:observer":1,"minecraft:dandelion":6,"minecraft:oak_fence":13,"minecraft:crafting_table":7,"minecraft:cornflower":2,"minecraft:short_grass":317,"minecraft:emerald_ore":1,"minecraft:lectern":25,"minecraft:tall_grass":19,"minecraft:red_glazed_terracotta":1,"minecraft:lapis_ore":20,"minecraft:deepslate_gold_ore":25,"minecraft:diorite":14,"minecraft:redstone_torch":5,"minecraft:spruce_log":20,"minecraft:birch_leaves":4,"minecraft:coal_ore":229,"minecraft:flower_pot":1,"minecraft:gravel":7,"minecraft:cobweb":1,"minecraft:deepslate_emerald_ore":1},"minecraft:picked_up":{"minecraft:iron_chestplate":7,"minecraft:wheat":4,"minecraft:lead":2,"minecraft:potion":2,"minecraft:nether_brick":8,"minecraft:string":45,"minecraft:iron_leggings":2,"minecraft:gold_nugget":45,"minecraft:cobbled_deepslate":186,"minecraft:bucket":1,"minecraft:trial_key":18,"minecraft:redstone_torch":5,"minecraft:calcite":1,"minecraft:iron_pickaxe":1,"minecraft:furnace":5,"minecraft:tipped_arrow":32,"minecraft:stick":42,"minecraft:oak_fence":15,"minecraft:torch":12,"minecraft:porkchop":74,"minecraft:diorite":15,"minecraft:stone_sword":1,"minecraft:rotten_flesh":53,"minecraft:honey_bottle":5,"minecraft:cobblestone":639,"minecraft:birch_log":320,"minecraft:pink_petals":4,"minecraft:cooked_beef":1,"minecraft:water_bucket":3,"minecraft:andesite":22,"minecraft:brown_wool":2,"minecraft:potato":52,"minecraft:flint":1,"minecraft:tuff":56,"minecraft:lapis_lazuli":443,"minecraft:dirt":897,"minecraft:bone":122,"minecraft:bow":14,"minecraft:wheat_seeds":56,"minecraft:raw_gold":23,"minecraft:bell":1,"minecraft:guster_banner_pattern":1,"minecraft:powered_rail":5,"minecraft:oak_planks":43,"minecraft:sand":3,"minecraft:mossy_cobblestone":2,"minecraft:diamond":101,"minecraft:granite":12,"minecraft:breeze_rod":8,"minecraft:golden_apple":4,"minecraft:bread":2,"minecraft:emerald":25,"minecraft:oak_sapling":57,"minecraft:netherrack":63,"minecraft:waxed_oxidized_cut_copper":1,"minecraft:crafting_table":8,"minecraft:ominous_bottle":1,"minecraft:brick":64,"minecraft:shield":9,"minecraft:cornflower":2,"minecraft:iron_axe":1,"minecraft:blackstone":25,"minecraft:detector_rail":2,"minecraft:beef":57,"minecraft:oak_boat":17,"minecraft:observer":1,"minecraft:lectern":27,"minecraft:chest":4,"minecraft:light_gray_wool":2,"minecraft:minecart":4,"minecraft:sugar_cane":82,"minecraft:birch_sapling":12,"minecraft:egg":10,"minecraft:raw_iron":277,"minecraft:sandstone":2,"minecraft:oak_door":7,"minecraft:fire_charge":85,"minecraft:carrot":99,"minecraft:redstone":304,"minecraft:arrow":205,"minecraft:hay_block":96,"minecraft:gold_ingot":2,"minecraft:tuff_bricks":11,"minecraft:white_wool":25,"minecraft:mutton":45,"minecraft:rail":295,"minecraft:stripped_oak_log":17,"minecraft:golden_carrot":1,"minecraft:leather":48,"minecraft:oak_log":409,"minecraft:gunpowder":7,"minecraft:white_banner":2,"minecraft:apple":7,"minecraft:iron_ingot":35,"minecraft:stone_pickaxe":1,"minecraft:oak_slab":7,"minecraft:smooth_basalt":10,"minecraft:quartz":59,"minecraft:dandelion":7,"minecraft:dripstone_block":3,"minecraft:gravel":6,"minecraft:white_bed":4,"minecraft:spruce_log":15,"minecraft:crying_obsidian":1,"minecraft:polished_tuff":22,"minecraft:spider_eye":2,"minecraft:gray_wool":2,"minecraft:baked_potato":2,"minecraft:coal":233},"minecraft:crafted":{"minecraft:oak_planks":408,"minecraft:bookshelf":1,"minecraft:cooked_mutton":45,"minecraft:glass":71,"minecraft:hopper":1,"minecraft:diamond_helmet":1,"minecraft:diamond_leggings":1,"minecraft:iron_boots":3,"minecraft:chest":10,"minecraft:oak_button":2,"minecraft:golden_boots":2,"minecraft:oak_slab":12,"minecraft:emerald":75,"minecraft:cooked_porkchop":74,"minecraft:diamond_axe":1,"minecraft:crafting_table":4,"minecraft:spruce_planks":60,"minecraft:iron_helmet":3,"minecraft:wooden_pickaxe":1,"minecraft:baked_potato":21,"minecraft:birch_planks":1280,"minecraft:lectern":1,"minecraft:book":3,"minecraft:iron_chestplate":2,"minecraft:paper":30,"minecraft:diamond_pickaxe":1,"minecraft:shield":5,"minecraft:stick":2676,"minecraft:iron_ingot":186,"minecraft:iron_pickaxe":7,"minecraft:stone_sword":1,"minecraft:gold_ingot":34,"minecraft:redstone_torch":2,"minecraft:wooden_sword":1,"minecraft:oak_door":3,"minecraft:furnace":2,"minecraft:piston":16,"minecraft:bone_meal":39,"minecraft:iron_axe":3,"minecraft:spruce_slab":6,"minecraft:stone_pickaxe":4,"minecraft:diamond_boots":1,"minecraft:minecart":1,"minecraft:observer":16,"minecraft:wheat":99,"minecraft:cooked_beef":69,"minecraft:diamond_sword":1,"minecraft:powered_rail":36,"minecraft:iron_sword":1,"minecraft:bucket":2,"minecraft:stone_axe":1,"minecraft:bread":28,"minecraft:air":0,"minecraft:oak_boat":8,"minecraft:iron_shovel":6,"minecraft:iron_leggings":3,"minecraft:white_bed":1,"minecraft:torch":124,"minecraft:diamond_chestplate":1},"minecraft:killed":{"minecraft:cave_spider":15,"minecraft:witch":2,"minecraft:spider":6,"minecraft:skeleton":109,"minecraft:pig":38,"minecraft:creeper":4,"minecraft:sheep":31,"minecraft:trader_llama":2,"minecraft:pillager":2,"minecraft:zombie":61,"minecraft:stray":8,"minecraft:cow":24,"minecraft:husk":12,"minecraft:wandering_trader":1,"minecraft:breeze":7,"minecraft:villager":2}},"DataVersion":3953}