{"stats":{"minecraft:used":{"minecraft:oak_fence":3,"minecraft:cooked_mutton":4,"minecraft:diorite":1,"minecraft:stone_sword":74,"minecraft:stone_pickaxe":143,"minecraft:chest":1,"minecraft:wooden_pickaxe":59,"minecraft:shield":9,"minecraft:iron_sword":48,"minecraft:iron_chestplate":1,"minecraft:torch":10,"minecraft:dirt":41,"minecraft:crafting_table":4,"minecraft:carrot":1,"minecraft:white_bed":4,"minecraft:bread":16,"minecraft:iron_pickaxe":274,"minecraft:iron_helmet":2,"minecraft:iron_boots":2,"minecraft:stone_axe":34,"minecraft:wooden_sword":13,"minecraft:cobblestone":62,"minecraft:furnace":3,"minecraft:cooked_porkchop":5,"minecraft:andesite":8,"minecraft:cooked_beef":4,"minecraft:cobbled_deepslate":42,"minecraft:potato":1,"minecraft:iron_leggings":2},"minecraft:picked_up":{"minecraft:crafting_table":5,"minecraft:andesite":8,"minecraft:leather":4,"minecraft:potato":1,"minecraft:tuff":7,"minecraft:oak_log":30,"minecraft:dirt":41,"minecraft:lapis_lazuli":338,"minecraft:string":2,"minecraft:bone":6,"minecraft:bow":2,"minecraft:wheat_seeds":10,"minecraft:cobbled_deepslate":46,"minecraft:iron_ingot":5,"minecraft:beef":22,"minecraft:stone_pickaxe":1,"minecraft:calcite":1,"minecraft:iron_pickaxe":1,"minecraft:furnace":3,"minecraft:stick":1,"minecraft:raw_iron":133,"minecraft:smooth_basalt":5,"minecraft:oak_door":1,"minecraft:oak_fence":3,"minecraft:dripstone_block":3,"minecraft:porkchop":11,"minecraft:diorite":1,"minecraft:white_bed":4,"minecraft:carrot":1,"minecraft:stone_sword":1,"minecraft:arrow":5,"minecraft:rotten_flesh":6,"minecraft:diamond":31,"minecraft:hay_block":11,"minecraft:granite":1,"minecraft:emerald":2,"minecraft:mutton":6,"minecraft:coal":143,"minecraft:white_wool":4,"minecraft:cobblestone":88},"minecraft:dropped":{"minecraft:bread":1,"minecraft:iron_ingot":2,"minecraft:wheat_seeds":9,"minecraft:wheat":35,"minecraft:oak_planks":7,"minecraft:cooked_mutton":1,"minecraft:leather_chestplate":1,"minecraft:wooden_sword":1},"minecraft:killed":{"minecraft:pig":5,"minecraft:spider":2,"minecraft:creeper":1,"minecraft:skeleton":6,"minecraft:sheep":4,"minecraft:zombie":15,"minecraft:cow":5},"minecraft:custom":{"minecraft:interact_with_furnace":69,"minecraft:mob_kills":41,"minecraft:interact_with_crafting_table":33,"minecraft:leave_game":4,"minecraft:time_since_death":48200,"minecraft:sleep_in_bed":4,"minecraft:time_since_rest":41317,"minecraft:sprint_one_cm":348330,"minecraft:damage_taken":1530,"minecraft:walk_one_cm":390552,"minecraft:damage_blocked_by_shield":210,"minecraft:drop":17,"minecraft:damage_dealt":6263,"minecraft:swim_one_cm":30445,"minecraft:talked_to_villager":1,"minecraft:fly_one_cm":626026,"minecraft:open_chest":40,"minecraft:play_time":190784,"minecraft:crouch_one_cm":40904,"minecraft:sneak_time":15754,"minecraft:deaths":1,"minecraft:walk_under_water_one_cm":10366,"minecraft:jump":3401,"minecraft:walk_on_water_one_cm":9076,"minecraft:total_world_time":190784,"minecraft:fall_one_cm":110434},"minecraft:mined":{"minecraft:tuff":7,"minecraft:white_bed":4,"minecraft:deepslate_diamond_ore":17,"minecraft:oak_door":1,"minecraft:oak_fence":3,"minecraft:crafting_table":4,"minecraft:short_grass":103,"minecraft:calcite":4,"minecraft:emerald_ore":1,"minecraft:grass_block":13,"minecraft:cobblestone":4,"minecraft:lapis_ore":9,"minecraft:diorite":1,"minecraft:amethyst_block":3,"minecraft:hay_block":11,"minecraft:furnace":3,"minecraft:carrots":1,"minecraft:iron_ore":96,"minecraft:wheat":1,"minecraft:cobbled_deepslate":4,"minecraft:andesite":8,"minecraft:deepslate_lapis_ore":23,"minecraft:oak_log":30,"minecraft:potatoes":1,"minecraft:coal_ore":147,"minecraft:deepslate_iron_ore":17,"minecraft:dirt":32,"minecraft:cobweb":1,"minecraft:smooth_basalt":5,"minecraft:stone":82,"minecraft:oak_leaves":1,"minecraft:deepslate_emerald_ore":1,"minecraft:deepslate":42},"minecraft:crafted":{"minecraft:cooked_beef":11,"minecraft:wooden_sword":1,"minecraft:oak_planks":120,"minecraft:cooked_porkchop":11,"minecraft:crafting_table":1,"minecraft:wooden_pickaxe":1,"minecraft:iron_helmet":2,"minecraft:iron_sword":1,"minecraft:furnace":1,"minecraft:stone_axe":1,"minecraft:bread":28,"minecraft:cooked_mutton":6,"minecraft:air":0,"minecraft:iron_boots":2,"minecraft:iron_chestplate":1,"minecraft:shield":2,"minecraft:stick":36,"minecraft:iron_ingot":110,"minecraft:iron_pickaxe":2,"minecraft:stone_pickaxe":1,"minecraft:stone_sword":1,"minecraft:chest":1,"minecraft:iron_leggings":2,"minecraft:white_bed":1,"minecraft:torch":80,"minecraft:wheat":99},"minecraft:broken":{"minecraft:stone_pickaxe":1,"minecraft:iron_pickaxe":1,"minecraft:wooden_pickaxe":1}},"DataVersion":3953}