{"stats":{"minecraft:used":{"minecraft:dirt":12,"minecraft:wooden_sword":13,"minecraft:cobblestone":3,"minecraft:crafting_table":1,"minecraft:wooden_pickaxe":24},"minecraft:picked_up":{"minecraft:crafting_table":1,"minecraft:porkchop":9,"minecraft:oak_log":5,"minecraft:coal":18,"minecraft:dirt":15,"minecraft:mutton":2,"minecraft:white_wool":1,"minecraft:cobblestone":6},"minecraft:killed":{"minecraft:sheep":1,"minecraft:pig":4},"minecraft:custom":{"minecraft:time_since_rest":10014,"minecraft:crouch_one_cm":5600,"minecraft:play_time":10014,"minecraft:sprint_one_cm":10563,"minecraft:damage_taken":50,"minecraft:walk_one_cm":13269,"minecraft:sneak_time":1989,"minecraft:mob_kills":5,"minecraft:jump":149,"minecraft:damage_dealt":480,"minecraft:time_since_death":10014,"minecraft:total_world_time":10014,"minecraft:interact_with_crafting_table":3,"minecraft:fall_one_cm":5691,"minecraft:fly_one_cm":32157},"minecraft:mined":{"minecraft:coal_ore":18,"minecraft:grass_block":7,"minecraft:short_grass":4,"minecraft:oak_log":5,"minecraft:dirt":10,"minecraft:stone":6,"minecraft:crafting_table":1},"minecraft:crafted":{"minecraft:wooden_sword":1,"minecraft:oak_planks":20,"minecraft:crafting_table":1,"minecraft:stick":4,"minecraft:wooden_pickaxe":1}},"DataVersion":3953}