{"stats":{"minecraft:used":{"minecraft:cooked_mutton":2,"minecraft:stone_sword":19,"minecraft:stone_pickaxe":73,"minecraft:wooden_pickaxe":59,"minecraft:stone_axe":2,"minecraft:wooden_sword":13,"minecraft:dirt":40,"minecraft:cobblestone":9,"minecraft:crafting_table":3,"minecraft:furnace":2,"minecraft:cooked_porkchop":2,"minecraft:white_bed":1},"minecraft:picked_up":{"minecraft:raw_iron":3,"minecraft:crafting_table":3,"minecraft:leather":4,"minecraft:porkchop":9,"minecraft:oak_log":5,"minecraft:white_bed":1,"minecraft:dirt":41,"minecraft:wheat_seeds":7,"minecraft:beef":11,"minecraft:coal":63,"minecraft:mutton":5,"minecraft:white_wool":3,"minecraft:cobblestone":62,"minecraft:furnace":2},"minecraft:dropped":{"minecraft:wheat_seeds":1,"minecraft:wooden_sword":1},"minecraft:killed":{"minecraft:sheep":3,"minecraft:pig":4,"minecraft:cow":5},"minecraft:custom":{"minecraft:time_since_rest":65225,"minecraft:interact_with_furnace":7,"minecraft:sprint_one_cm":54433,"minecraft:damage_taken":280,"minecraft:walk_one_cm":52832,"minecraft:mob_kills":12,"minecraft:drop":2,"minecraft:damage_dealt":1158,"minecraft:interact_with_crafting_table":8,"minecraft:fly_one_cm":127143,"minecraft:open_chest":1,"minecraft:play_time":65225,"minecraft:crouch_one_cm":14113,"minecraft:sneak_time":5875,"minecraft:jump":615,"minecraft:leave_game":2,"minecraft:time_since_death":65225,"minecraft:total_world_time":65225,"minecraft:fall_one_cm":22656},"minecraft:mined":{"minecraft:white_bed":1,"minecraft:furnace":2,"minecraft:iron_ore":3,"minecraft:crafting_table":3,"minecraft:short_grass":75,"minecraft:grass_block":13,"minecraft:oak_log":5,"minecraft:coal_ore":63,"minecraft:dirt":32,"minecraft:cobblestone":3,"minecraft:stone":59,"minecraft:oak_leaves":1},"minecraft:crafted":{"minecraft:wooden_sword":1,"minecraft:oak_planks":20,"minecraft:cooked_porkchop":9,"minecraft:crafting_table":1,"minecraft:stick":8,"minecraft:wooden_pickaxe":1,"minecraft:stone_pickaxe":1,"minecraft:stone_sword":1,"minecraft:furnace":1,"minecraft:white_bed":1,"minecraft:stone_axe":1,"minecraft:cooked_mutton":5,"minecraft:air":0},"minecraft:broken":{"minecraft:wooden_pickaxe":1}},"DataVersion":3953}