{"stats":{"minecraft:dropped":{"minecraft:iron_ingot":2,"minecraft:bread":1,"minecraft:wheat_seeds":19,"minecraft:dripstone_block":3,"minecraft:stick":2,"minecraft:dirt":2,"minecraft:torch":1,"minecraft:wooden_sword":1,"minecraft:gravel":5,"minecraft:cobbled_deepslate":2,"minecraft:wheat":37,"minecraft:rotten_flesh":9,"minecraft:oak_planks":7,"minecraft:cooked_mutton":1,"minecraft:leather_chestplate":1,"minecraft:calcite":1},"minecraft:custom":{"minecraft:mob_kills":116,"minecraft:animals_bred":3,"minecraft:interact_with_crafting_table":38,"minecraft:leave_game":4,"minecraft:time_since_death":178224,"minecraft:climb_one_cm":1206,"minecraft:sprint_one_cm":683547,"minecraft:walk_one_cm":837941,"minecraft:damage_blocked_by_shield":1030,"minecraft:drop":31,"minecraft:talked_to_villager":2,"minecraft:play_time":320808,"minecraft:deaths":1,"minecraft:sneak_time":23378,"minecraft:walk_under_water_one_cm":18294,"minecraft:jump":7459,"minecraft:interact_with_blast_furnace":2,"minecraft:walk_on_water_one_cm":17625,"minecraft:total_world_time":320808,"minecraft:interact_with_furnace":89,"minecraft:sleep_in_bed":10,"minecraft:time_since_rest":958,"minecraft:damage_taken":3410,"minecraft:damage_dealt":17753,"minecraft:swim_one_cm":32523,"minecraft:fly_one_cm":1308760,"minecraft:open_chest":77,"minecraft:crouch_one_cm":61934,"minecraft:interact_with_smoker":11,"minecraft:fall_one_cm":237889},"minecraft:crafted":{"minecraft:wooden_sword":1,"minecraft:oak_planks":120,"minecraft:furnace":2,"minecraft:bone_meal":39,"minecraft:cooked_mutton":12,"minecraft:iron_boots":2,"minecraft:stone_pickaxe":4,"minecraft:chest":1,"minecraft:wheat":99,"minecraft:cooked_beef":18,"minecraft:cooked_porkchop":13,"minecraft:crafting_table":1,"minecraft:wooden_pickaxe":1,"minecraft:baked_potato":20,"minecraft:iron_helmet":2,"minecraft:iron_sword":1,"minecraft:stone_axe":1,"minecraft:bread":28,"minecraft:air":0,"minecraft:iron_chestplate":1,"minecraft:shield":2,"minecraft:stick":40,"minecraft:iron_ingot":113,"minecraft:iron_pickaxe":3,"minecraft:stone_sword":1,"minecraft:iron_leggings":2,"minecraft:white_bed":1,"minecraft:torch":80},"minecraft:used":{"minecraft:oak_fence":6,"minecraft:stone_sword":86,"minecraft:chest":1,"minecraft:shield":45,"minecraft:iron_sword":251,"minecraft:rotten_flesh":1,"minecraft:iron_chestplate":1,"minecraft:torch":84,"minecraft:dirt":41,"minecraft:carrot":15,"minecraft:granite":10,"minecraft:iron_helmet":2,"minecraft:iron_boots":2,"minecraft:smooth_basalt":10,"minecraft:light_gray_wool":2,"minecraft:bow":14,"minecraft:furnace":4,"minecraft:cooked_beef":18,"minecraft:potato":31,"minecraft:cobbled_deepslate":64,"minecraft:iron_leggings":2,"minecraft:wheat_seeds":2,"minecraft:cooked_mutton":5,"minecraft:diorite":8,"minecraft:stone_pickaxe":186,"minecraft:baked_potato":15,"minecraft:wooden_pickaxe":59,"minecraft:crafting_table":6,"minecraft:white_bed":5,"minecraft:bread":17,"minecraft:iron_pickaxe":535,"minecraft:gravel":1,"minecraft:stone_axe":36,"minecraft:pink_petals":4,"minecraft:wooden_sword":13,"minecraft:cobblestone":132,"minecraft:cooked_porkchop":9,"minecraft:andesite":13,"minecraft:bone_meal":37},"minecraft:broken":{"minecraft:wooden_pickaxe":1,"minecraft:stone_pickaxe":1,"minecraft:iron_pickaxe":2},"minecraft:killed":{"minecraft:witch":1,"minecraft:spider":3,"minecraft:skeleton":29,"minecraft:pig":10,"minecraft:creeper":2,"minecraft:sheep":12,"minecraft:zombie":36,"minecraft:cow":13},"minecraft:picked_up":{"minecraft:crafting_table":6,"minecraft:wheat":4,"minecraft:string":2,"minecraft:cobbled_deepslate":74,"minecraft:beef":36,"minecraft:calcite":1,"minecraft:iron_pickaxe":1,"minecraft:light_gray_wool":2,"minecraft:furnace":4,"minecraft:stick":5,"minecraft:raw_iron":201,"minecraft:oak_door":1,"minecraft:oak_fence":6,"minecraft:torch":3,"minecraft:porkchop":19,"minecraft:diorite":15,"minecraft:carrot":18,"minecraft:redstone":6,"minecraft:stone_sword":1,"minecraft:arrow":25,"minecraft:rotten_flesh":29,"minecraft:hay_block":11,"minecraft:mutton":19,"minecraft:cobblestone":189,"minecraft:white_wool":9,"minecraft:pink_petals":4,"minecraft:andesite":18,"minecraft:leather":12,"minecraft:potato":52,"minecraft:tuff":7,"minecraft:oak_log":30,"minecraft:gunpowder":4,"minecraft:dirt":43,"minecraft:lapis_lazuli":379,"minecraft:bone":23,"minecraft:bow":2,"minecraft:wheat_seeds":26,"minecraft:stone_pickaxe":1,"minecraft:iron_ingot":5,"minecraft:smooth_basalt":10,"minecraft:gravel":6,"minecraft:dripstone_block":3,"minecraft:white_bed":4,"minecraft:diamond":53,"minecraft:granite":11,"minecraft:gray_wool":1,"minecraft:emerald":2,"minecraft:coal":155},"minecraft:mined":{"minecraft:tuff":7,"minecraft:white_bed":4,"minecraft:deepslate_diamond_ore":39,"minecraft:oak_door":1,"minecraft:granite":10,"minecraft:grass_block":13,"minecraft:hay_block":11,"minecraft:furnace":4,"minecraft:carrots":12,"minecraft:fire":1,"minecraft:iron_ore":150,"minecraft:cobbled_deepslate":4,"minecraft:andesite":19,"minecraft:deepslate_lapis_ore":23,"minecraft:potatoes":24,"minecraft:deepslate_iron_ore":33,"minecraft:stone":177,"minecraft:oak_fence":5,"minecraft:crafting_table":5,"minecraft:short_grass":116,"minecraft:emerald_ore":1,"minecraft:calcite":4,"minecraft:tall_grass":3,"minecraft:cobblestone":7,"minecraft:lapis_ore":16,"minecraft:diorite":14,"minecraft:wall_torch":1,"minecraft:amethyst_block":3,"minecraft:wheat":8,"minecraft:oak_log":30,"minecraft:coal_ore":159,"minecraft:gravel":6,"minecraft:dirt":34,"minecraft:cobweb":1,"minecraft:smooth_basalt":10,"minecraft:oak_leaves":2,"minecraft:deepslate_emerald_ore":1,"minecraft:deepslate":87}},"DataVersion":3953}