{"stats":{"minecraft:dropped":{"minecraft:iron_ingot":2,"minecraft:bread":1,"minecraft:wheat_seeds":17,"minecraft:dripstone_block":3,"minecraft:torch":1,"minecraft:wooden_sword":1,"minecraft:gravel":2,"minecraft:wheat":37,"minecraft:rotten_flesh":9,"minecraft:oak_planks":7,"minecraft:cooked_mutton":1,"minecraft:leather_chestplate":1,"minecraft:calcite":1},"minecraft:custom":{"minecraft:mob_kills":96,"minecraft:animals_bred":3,"minecraft:interact_with_crafting_table":35,"minecraft:leave_game":4,"minecraft:time_since_death":148224,"minecraft:climb_one_cm":1206,"minecraft:sprint_one_cm":618539,"minecraft:walk_one_cm":705224,"minecraft:damage_blocked_by_shield":755,"minecraft:drop":26,"minecraft:talked_to_villager":2,"minecraft:play_time":290808,"minecraft:deaths":1,"minecraft:sneak_time":20090,"minecraft:walk_under_water_one_cm":14341,"minecraft:jump":6594,"minecraft:walk_on_water_one_cm":15934,"minecraft:total_world_time":290808,"minecraft:interact_with_furnace":85,"minecraft:sleep_in_bed":9,"minecraft:time_since_rest":34063,"minecraft:damage_taken":2611,"minecraft:damage_dealt":14373,"minecraft:swim_one_cm":32480,"minecraft:fly_one_cm":1196557,"minecraft:open_chest":72,"minecraft:crouch_one_cm":53137,"minecraft:interact_with_smoker":9,"minecraft:fall_one_cm":210537},"minecraft:crafted":{"minecraft:wooden_sword":1,"minecraft:oak_planks":120,"minecraft:furnace":1,"minecraft:bone_meal":39,"minecraft:cooked_mutton":12,"minecraft:iron_boots":2,"minecraft:stone_pickaxe":1,"minecraft:chest":1,"minecraft:wheat":99,"minecraft:cooked_beef":18,"minecraft:cooked_porkchop":13,"minecraft:crafting_table":1,"minecraft:wooden_pickaxe":1,"minecraft:baked_potato":20,"minecraft:iron_helmet":2,"minecraft:iron_sword":1,"minecraft:stone_axe":1,"minecraft:bread":28,"minecraft:air":0,"minecraft:iron_chestplate":1,"minecraft:shield":2,"minecraft:stick":36,"minecraft:iron_ingot":110,"minecraft:iron_pickaxe":2,"minecraft:stone_sword":1,"minecraft:iron_leggings":2,"minecraft:white_bed":1,"minecraft:torch":80},"minecraft:used":{"minecraft:oak_fence":6,"minecraft:stone_sword":74,"minecraft:chest":1,"minecraft:shield":35,"minecraft:iron_sword":204,"minecraft:rotten_flesh":1,"minecraft:iron_chestplate":1,"minecraft:torch":44,"minecraft:dirt":41,"minecraft:carrot":15,"minecraft:granite":1,"minecraft:iron_helmet":2,"minecraft:iron_boots":2,"minecraft:smooth_basalt":10,"minecraft:light_gray_wool":2,"minecraft:furnace":3,"minecraft:cooked_beef":14,"minecraft:potato":31,"minecraft:cobbled_deepslate":64,"minecraft:iron_leggings":2,"minecraft:wheat_seeds":2,"minecraft:cooked_mutton":5,"minecraft:diorite":8,"minecraft:stone_pickaxe":143,"minecraft:baked_potato":8,"minecraft:wooden_pickaxe":59,"minecraft:crafting_table":4,"minecraft:white_bed":5,"minecraft:bread":17,"minecraft:iron_pickaxe":407,"minecraft:gravel":1,"minecraft:stone_axe":36,"minecraft:pink_petals":4,"minecraft:wooden_sword":13,"minecraft:cobblestone":96,"minecraft:cooked_porkchop":7,"minecraft:andesite":8,"minecraft:bone_meal":37},"minecraft:broken":{"minecraft:wooden_pickaxe":1,"minecraft:stone_pickaxe":1,"minecraft:iron_pickaxe":1},"minecraft:killed":{"minecraft:witch":1,"minecraft:spider":2,"minecraft:skeleton":20,"minecraft:pig":10,"minecraft:creeper":1,"minecraft:sheep":12,"minecraft:zombie":29,"minecraft:cow":13},"minecraft:picked_up":{"minecraft:crafting_table":5,"minecraft:wheat":4,"minecraft:string":2,"minecraft:cobbled_deepslate":68,"minecraft:beef":36,"minecraft:calcite":1,"minecraft:iron_pickaxe":1,"minecraft:light_gray_wool":2,"minecraft:furnace":3,"minecraft:stick":5,"minecraft:raw_iron":162,"minecraft:oak_door":1,"minecraft:oak_fence":6,"minecraft:torch":1,"minecraft:porkchop":19,"minecraft:diorite":8,"minecraft:carrot":18,"minecraft:redstone":6,"minecraft:stone_sword":1,"minecraft:arrow":16,"minecraft:rotten_flesh":22,"minecraft:hay_block":11,"minecraft:mutton":19,"minecraft:cobblestone":125,"minecraft:white_wool":9,"minecraft:pink_petals":4,"minecraft:andesite":8,"minecraft:leather":12,"minecraft:potato":52,"minecraft:tuff":7,"minecraft:oak_log":30,"minecraft:gunpowder":1,"minecraft:dirt":41,"minecraft:lapis_lazuli":379,"minecraft:bone":17,"minecraft:bow":2,"minecraft:wheat_seeds":26,"minecraft:stone_pickaxe":1,"minecraft:iron_ingot":5,"minecraft:smooth_basalt":10,"minecraft:gravel":5,"minecraft:dripstone_block":3,"minecraft:white_bed":4,"minecraft:diamond":45,"minecraft:granite":6,"minecraft:gray_wool":1,"minecraft:emerald":2,"minecraft:coal":144},"minecraft:mined":{"minecraft:tuff":7,"minecraft:white_bed":4,"minecraft:deepslate_diamond_ore":31,"minecraft:oak_door":1,"minecraft:granite":5,"minecraft:grass_block":13,"minecraft:hay_block":11,"minecraft:furnace":3,"minecraft:carrots":12,"minecraft:fire":1,"minecraft:iron_ore":111,"minecraft:cobbled_deepslate":4,"minecraft:andesite":9,"minecraft:deepslate_lapis_ore":23,"minecraft:potatoes":24,"minecraft:deepslate_iron_ore":32,"minecraft:stone":115,"minecraft:oak_fence":5,"minecraft:crafting_table":4,"minecraft:short_grass":116,"minecraft:emerald_ore":1,"minecraft:calcite":4,"minecraft:tall_grass":3,"minecraft:cobblestone":4,"minecraft:lapis_ore":16,"minecraft:diorite":7,"minecraft:wall_torch":1,"minecraft:amethyst_block":3,"minecraft:wheat":8,"minecraft:oak_log":30,"minecraft:coal_ore":148,"minecraft:gravel":5,"minecraft:dirt":32,"minecraft:cobweb":1,"minecraft:smooth_basalt":10,"minecraft:oak_leaves":2,"minecraft:deepslate_emerald_ore":1,"minecraft:deepslate":67}},"DataVersion":3953}