{"stats":{"minecraft:used":{"minecraft:tuff_bricks":66,"minecraft:iron_shovel":617,"minecraft:chest":13,"minecraft:shield":113,"minecraft:iron_sword":251,"minecraft:rotten_flesh":1,"minecraft:iron_chestplate":2,"minecraft:carrot":16,"minecraft:tuff":28,"minecraft:glass":73,"minecraft:iron_helmet":2,"minecraft:bow":49,"minecraft:hay_block":1,"minecraft:furnace":4,"minecraft:egg":2,"minecraft:potato":76,"minecraft:diorite":8,"minecraft:stone_pickaxe":278,"minecraft:powered_rail":39,"minecraft:wooden_pickaxe":59,"minecraft:sugar_cane":35,"minecraft:diamond_axe":2,"minecraft:sand":3,"minecraft:lingering_potion":1,"minecraft:redstone_torch":6,"minecraft:bread":17,"minecraft:lectern":46,"minecraft:gravel":1,"minecraft:diamond_sword":494,"minecraft:wooden_sword":13,"minecraft:andesite":21,"minecraft:oak_boat":22,"minecraft:bone_meal":88,"minecraft:oak_fence":47,"minecraft:stone_sword":139,"minecraft:redstone":16,"minecraft:stone_hoe":7,"minecraft:trial_key":9,"minecraft:netherrack":58,"minecraft:oak_door":6,"minecraft:torch":165,"minecraft:dirt":1890,"minecraft:white_carpet":3,"minecraft:hopper":1,"minecraft:granite":10,"minecraft:spruce_fence":15,"minecraft:oak_fence_gate":1,"minecraft:iron_axe":900,"minecraft:iron_boots":3,"minecraft:smooth_basalt":10,"minecraft:light_gray_wool":2,"minecraft:minecart":5,"minecraft:cooked_beef":40,"minecraft:observer":17,"minecraft:cobbled_deepslate":161,"minecraft:iron_leggings":3,"minecraft:wheat_seeds":2,"minecraft:cooked_mutton":34,"minecraft:water_bucket":38,"minecraft:baked_potato":16,"minecraft:fletching_table":1,"minecraft:rail":266,"minecraft:oak_slab":12,"minecraft:crafting_table":10,"minecraft:white_bed":5,"minecraft:cake":1,"minecraft:oak_log":8,"minecraft:piston":16,"minecraft:diamond_pickaxe":141,"minecraft:oak_button":2,"minecraft:iron_pickaxe":1737,"minecraft:detector_rail":2,"minecraft:spruce_sapling":6,"minecraft:stone_axe":122,"minecraft:pink_petals":4,"minecraft:cobblestone":330,"minecraft:white_banner":2,"minecraft:cooked_porkchop":71,"minecraft:bucket":40,"minecraft:dandelion":3},"minecraft:picked_up":{"minecraft:iron_chestplate":7,"minecraft:wheat":25,"minecraft:lead":2,"minecraft:potion":2,"minecraft:nether_brick":8,"minecraft:string":46,"minecraft:iron_leggings":2,"minecraft:gold_nugget":45,"minecraft:cobbled_deepslate":186,"minecraft:bucket":1,"minecraft:trial_key":18,"minecraft:redstone_torch":5,"minecraft:calcite":1,"minecraft:iron_pickaxe":1,"minecraft:furnace":5,"minecraft:tipped_arrow":32,"minecraft:stick":45,"minecraft:oak_fence":37,"minecraft:torch":22,"minecraft:porkchop":74,"minecraft:diorite":15,"minecraft:stone_sword":1,"minecraft:rotten_flesh":55,"minecraft:honey_bottle":5,"minecraft:cobblestone":654,"minecraft:birch_log":320,"minecraft:pink_petals":4,"minecraft:cooked_beef":1,"minecraft:water_bucket":3,"minecraft:andesite":22,"minecraft:brown_wool":2,"minecraft:potato":117,"minecraft:flint":1,"minecraft:tuff":56,"minecraft:lapis_lazuli":443,"minecraft:dirt":992,"minecraft:bone":125,"minecraft:bow":14,"minecraft:wheat_seeds":125,"minecraft:raw_gold":23,"minecraft:bell":1,"minecraft:guster_banner_pattern":1,"minecraft:fletching_table":1,"minecraft:powered_rail":5,"minecraft:oak_planks":43,"minecraft:sand":3,"minecraft:mossy_cobblestone":2,"minecraft:sugar":1,"minecraft:diamond":101,"minecraft:granite":12,"minecraft:breeze_rod":8,"minecraft:golden_apple":4,"minecraft:emerald":25,"minecraft:bread":2,"minecraft:oak_sapling":57,"minecraft:netherrack":389,"minecraft:waxed_oxidized_cut_copper":1,"minecraft:crafting_table":8,"minecraft:azure_bluet":1,"minecraft:ominous_bottle":1,"minecraft:brick":64,"minecraft:shield":9,"minecraft:cornflower":2,"minecraft:iron_axe":1,"minecraft:blackstone":25,"minecraft:detector_rail":2,"minecraft:beef":57,"minecraft:oak_boat":17,"minecraft:observer":1,"minecraft:chest":4,"minecraft:poppy":1,"minecraft:lectern":45,"minecraft:light_gray_wool":2,"minecraft:minecart":4,"minecraft:sugar_cane":82,"minecraft:birch_sapling":12,"minecraft:egg":11,"minecraft:raw_iron":277,"minecraft:sandstone":2,"minecraft:oak_door":7,"minecraft:fire_charge":85,"minecraft:carrot":99,"minecraft:redstone":314,"minecraft:arrow":208,"minecraft:hay_block":96,"minecraft:gold_ingot":2,"minecraft:tuff_bricks":11,"minecraft:white_wool":25,"minecraft:mutton":45,"minecraft:rail":295,"minecraft:stripped_oak_log":17,"minecraft:golden_carrot":1,"minecraft:leather":48,"minecraft:oak_log":409,"minecraft:gunpowder":8,"minecraft:white_banner":2,"minecraft:apple":7,"minecraft:oak_fence_gate":1,"minecraft:iron_ingot":35,"minecraft:stone_pickaxe":1,"minecraft:oak_slab":7,"minecraft:smooth_basalt":10,"minecraft:quartz":59,"minecraft:dandelion":13,"minecraft:dripstone_block":3,"minecraft:gravel":6,"minecraft:spruce_sapling":6,"minecraft:white_bed":4,"minecraft:spruce_log":96,"minecraft:polished_tuff":22,"minecraft:crying_obsidian":1,"minecraft:spider_eye":4,"minecraft:gray_wool":2,"minecraft:baked_potato":2,"minecraft:coal":252},"minecraft:dropped":{"minecraft:cooked_beef":24,"minecraft:baked_potato":1,"minecraft:diamond":1,"minecraft:leather":18,"minecraft:dirt":39,"minecraft:wooden_sword":1,"minecraft:gold_ingot":8,"minecraft:oak_door":1,"minecraft:gravel":5,"minecraft:cobbled_deepslate":2,"minecraft:wheat":37,"minecraft:rotten_flesh":14,"minecraft:oak_planks":127,"minecraft:cooked_mutton":10,"minecraft:honey_bottle":5,"minecraft:poppy":1,"minecraft:leather_chestplate":1,"minecraft:gunpowder":2,"minecraft:lingering_potion":2,"minecraft:breeze_rod":5,"minecraft:arrow":6,"minecraft:bread":8,"minecraft:golden_boots":1,"minecraft:water_bucket":3,"minecraft:iron_ingot":12,"minecraft:wheat_seeds":32,"minecraft:dripstone_block":3,"minecraft:cobblestone":1,"minecraft:book":5,"minecraft:polished_tuff":22,"minecraft:coal":16,"minecraft:golden_apple":3,"minecraft:stick":6,"minecraft:torch":1,"minecraft:fire_charge":84,"minecraft:potion":1,"minecraft:iron_leggings":2,"minecraft:iron_axe":1,"minecraft:paper":30,"minecraft:string":9,"minecraft:bucket":1,"minecraft:dandelion":1,"minecraft:redstone":11,"minecraft:tuff":18,"minecraft:guster_banner_pattern":1,"minecraft:iron_boots":1,"minecraft:filled_map":1,"minecraft:shield":6,"minecraft:trial_key":9,"minecraft:iron_chestplate":6,"minecraft:andesite":1,"minecraft:oak_boat":2,"minecraft:oak_sapling":2,"minecraft:bow":5,"minecraft:stone_pickaxe":1,"minecraft:calcite":1},"minecraft:killed":{"minecraft:cave_spider":15,"minecraft:witch":4,"minecraft:spider":7,"minecraft:skeleton":112,"minecraft:pig":38,"minecraft:creeper":4,"minecraft:sheep":31,"minecraft:trader_llama":2,"minecraft:pillager":2,"minecraft:zombie":66,"minecraft:stray":8,"minecraft:cow":24,"minecraft:husk":12,"minecraft:wandering_trader":1,"minecraft:breeze":7,"minecraft:villager":2},"minecraft:custom":{"minecraft:animals_bred":5,"minecraft:interact_with_crafting_table":117,"minecraft:open_barrel":6,"minecraft:bell_ring":62,"minecraft:eat_cake_slice":4,"minecraft:leave_game":17,"minecraft:time_since_death":815325,"minecraft:sprint_one_cm":2145494,"minecraft:damage_blocked_by_shield":2773,"minecraft:drop":176,"minecraft:talked_to_villager":222,"minecraft:play_time":957909,"minecraft:deaths":1,"minecraft:jump":20750,"minecraft:walk_on_water_one_cm":128183,"minecraft:enchant_item":3,"minecraft:interact_with_furnace":98,"minecraft:traded_with_villager":103,"minecraft:sleep_in_bed":42,"minecraft:damage_dealt":52557,"minecraft:crouch_one_cm":232304,"minecraft:interact_with_smoker":78,"minecraft:inspect_dispenser":45,"minecraft:mob_kills":354,"minecraft:interact_with_anvil":7,"minecraft:climb_one_cm":36542,"minecraft:walk_one_cm":2600044,"minecraft:sneak_time":71188,"minecraft:walk_under_water_one_cm":117038,"minecraft:boat_one_cm":628842,"minecraft:interact_with_blast_furnace":32,"minecraft:total_world_time":957909,"minecraft:time_since_rest":11143,"minecraft:damage_taken":9574,"minecraft:minecart_one_cm":120299,"minecraft:swim_one_cm":219060,"minecraft:fly_one_cm":4266172,"minecraft:open_chest":539,"minecraft:fall_one_cm":593762},"minecraft:mined":{"minecraft:white_bed":4,"minecraft:farmland":7,"minecraft:granite":11,"minecraft:grass_block":353,"minecraft:chiseled_tuff_bricks":3,"minecraft:tuff_bricks":14,"minecraft:spawner":1,"minecraft:iron_ore":178,"minecraft:cobbled_deepslate":23,"minecraft:fire":1,"minecraft:polished_tuff":6,"minecraft:fletching_table":1,"minecraft:deepslate_lapis_ore":29,"minecraft:dirt_path":84,"minecraft:white_banner":1,"minecraft:deepslate_redstone_ore":69,"minecraft:powder_snow":31,"minecraft:torch":9,"minecraft:calcite":4,"minecraft:chest":4,"minecraft:nether_quartz_ore":59,"minecraft:cobblestone":57,"minecraft:sugar_cane":40,"minecraft:oak_planks":13,"minecraft:wall_torch":6,"minecraft:amethyst_block":3,"minecraft:seagrass":1,"minecraft:powered_rail":5,"minecraft:birch_log":322,"minecraft:wheat":29,"minecraft:oak_log":409,"minecraft:oak_fence_gate":1,"minecraft:sand":3,"minecraft:dirt":416,"minecraft:smooth_basalt":10,"minecraft:netherrack":396,"minecraft:oak_leaves":66,"minecraft:deepslate":179,"minecraft:nether_gold_ore":12,"minecraft:diamond_ore":1,"minecraft:tuff":67,"minecraft:mossy_cobblestone":2,"minecraft:deepslate_diamond_ore":86,"minecraft:oak_door":6,"minecraft:waxed_oxidized_chiseled_copper":1,"minecraft:decorated_pot":32,"minecraft:sandstone":2,"minecraft:hay_block":97,"minecraft:waxed_oxidized_cut_copper":1,"minecraft:furnace":4,"minecraft:carrots":34,"minecraft:waxed_copper_grate":3,"minecraft:andesite":22,"minecraft:detector_rail":2,"minecraft:chiseled_tuff":2,"minecraft:bell":1,"minecraft:potatoes":42,"minecraft:deepslate_iron_ore":83,"minecraft:rail":153,"minecraft:stripped_oak_log":17,"minecraft:stone":363,"minecraft:oak_slab":6,"minecraft:observer":1,"minecraft:dandelion":10,"minecraft:oak_fence":35,"minecraft:crafting_table":7,"minecraft:cornflower":2,"minecraft:short_grass":365,"minecraft:emerald_ore":1,"minecraft:lectern":43,"minecraft:tall_grass":27,"minecraft:red_glazed_terracotta":1,"minecraft:lapis_ore":20,"minecraft:deepslate_gold_ore":25,"minecraft:diorite":14,"minecraft:redstone_torch":5,"minecraft:spruce_log":101,"minecraft:birch_leaves":4,"minecraft:coal_ore":247,"minecraft:flower_pot":1,"minecraft:gravel":7,"minecraft:cobweb":1,"minecraft:deepslate_emerald_ore":1},"minecraft:crafted":{"minecraft:oak_planks":408,"minecraft:bookshelf":1,"minecraft:cooked_mutton":45,"minecraft:glass":71,"minecraft:hopper":1,"minecraft:diamond_helmet":1,"minecraft:diamond_leggings":1,"minecraft:iron_boots":3,"minecraft:chest":10,"minecraft:oak_button":2,"minecraft:stone_hoe":1,"minecraft:golden_boots":2,"minecraft:oak_slab":12,"minecraft:emerald":97,"minecraft:cooked_porkchop":75,"minecraft:diamond_axe":1,"minecraft:crafting_table":4,"minecraft:spruce_planks":384,"minecraft:iron_helmet":3,"minecraft:wooden_pickaxe":1,"minecraft:baked_potato":21,"minecraft:birch_planks":1280,"minecraft:lectern":1,"minecraft:iron_chestplate":2,"minecraft:book":22,"minecraft:paper":63,"minecraft:diamond_pickaxe":1,"minecraft:shield":5,"minecraft:stick":3384,"minecraft:iron_ingot":197,"minecraft:iron_pickaxe":7,"minecraft:stone_sword":1,"minecraft:gold_ingot":34,"minecraft:redstone_torch":2,"minecraft:wooden_sword":1,"minecraft:oak_door":3,"minecraft:furnace":2,"minecraft:piston":16,"minecraft:bone_meal":90,"minecraft:white_carpet":3,"minecraft:spruce_fence":15,"minecraft:iron_axe":3,"minecraft:spruce_slab":6,"minecraft:stone_pickaxe":4,"minecraft:diamond_boots":1,"minecraft:minecart":1,"minecraft:observer":16,"minecraft:wheat":99,"minecraft:cooked_beef":69,"minecraft:diamond_sword":1,"minecraft:powered_rail":36,"minecraft:iron_sword":1,"minecraft:bucket":2,"minecraft:stone_axe":1,"minecraft:enchanted_book":6,"minecraft:bread":28,"minecraft:air":0,"minecraft:oak_boat":8,"minecraft:iron_shovel":6,"minecraft:iron_leggings":3,"minecraft:white_bed":1,"minecraft:torch":124,"minecraft:diamond_chestplate":1},"minecraft:broken":{"minecraft:iron_shovel":2,"minecraft:iron_chestplate":1,"minecraft:stone_pickaxe":1,"minecraft:stone_sword":1,"minecraft:wooden_pickaxe":1,"minecraft:iron_axe":2,"minecraft:iron_pickaxe":6,"minecraft:iron_helmet":2}},"DataVersion":3953}