{"stats":{"minecraft:dropped":{"minecraft:iron_ingot":2,"minecraft:bread":1,"minecraft:wheat_seeds":20,"minecraft:dripstone_block":3,"minecraft:stick":2,"minecraft:dirt":2,"minecraft:torch":1,"minecraft:wooden_sword":1,"minecraft:gravel":5,"minecraft:cobbled_deepslate":2,"minecraft:wheat":37,"minecraft:rotten_flesh":9,"minecraft:oak_planks":7,"minecraft:cooked_mutton":1,"minecraft:filled_map":1,"minecraft:leather_chestplate":1,"minecraft:calcite":1},"minecraft:custom":{"minecraft:mob_kills":148,"minecraft:animals_bred":3,"minecraft:interact_with_crafting_table":40,"minecraft:leave_game":4,"minecraft:time_since_death":202224,"minecraft:climb_one_cm":1206,"minecraft:sprint_one_cm":763188,"minecraft:walk_one_cm":873718,"minecraft:damage_blocked_by_shield":1030,"minecraft:drop":33,"minecraft:talked_to_villager":6,"minecraft:play_time":344808,"minecraft:deaths":1,"minecraft:sneak_time":24409,"minecraft:walk_under_water_one_cm":26851,"minecraft:boat_one_cm":45275,"minecraft:jump":8333,"minecraft:interact_with_blast_furnace":4,"minecraft:walk_on_water_one_cm":21583,"minecraft:total_world_time":344808,"minecraft:interact_with_furnace":89,"minecraft:sleep_in_bed":11,"minecraft:time_since_rest":10925,"minecraft:damage_taken":3460,"minecraft:damage_dealt":20633,"minecraft:swim_one_cm":33594,"minecraft:fly_one_cm":1550641,"minecraft:open_chest":97,"minecraft:crouch_one_cm":64717,"minecraft:interact_with_smoker":16,"minecraft:fall_one_cm":262445},"minecraft:crafted":{"minecraft:wooden_sword":1,"minecraft:oak_planks":224,"minecraft:furnace":2,"minecraft:bone_meal":39,"minecraft:cooked_mutton":19,"minecraft:iron_boots":2,"minecraft:stone_pickaxe":4,"minecraft:chest":1,"minecraft:wheat":99,"minecraft:cooked_beef":25,"minecraft:cooked_porkchop":19,"minecraft:crafting_table":1,"minecraft:wooden_pickaxe":1,"minecraft:baked_potato":20,"minecraft:iron_helmet":2,"minecraft:iron_sword":1,"minecraft:stone_axe":1,"minecraft:bread":28,"minecraft:air":0,"minecraft:oak_boat":4,"minecraft:iron_chestplate":1,"minecraft:shield":2,"minecraft:stick":40,"minecraft:iron_ingot":113,"minecraft:iron_pickaxe":3,"minecraft:stone_sword":1,"minecraft:iron_leggings":2,"minecraft:white_bed":1,"minecraft:torch":80},"minecraft:used":{"minecraft:oak_fence":6,"minecraft:stone_sword":139,"minecraft:chest":1,"minecraft:shield":45,"minecraft:iron_sword":251,"minecraft:rotten_flesh":1,"minecraft:iron_chestplate":1,"minecraft:torch":84,"minecraft:dirt":43,"minecraft:carrot":15,"minecraft:granite":10,"minecraft:iron_helmet":2,"minecraft:iron_boots":2,"minecraft:smooth_basalt":10,"minecraft:light_gray_wool":2,"minecraft:bow":14,"minecraft:furnace":4,"minecraft:cooked_beef":22,"minecraft:potato":31,"minecraft:cobbled_deepslate":64,"minecraft:iron_leggings":2,"minecraft:wheat_seeds":2,"minecraft:cooked_mutton":5,"minecraft:diorite":8,"minecraft:stone_pickaxe":187,"minecraft:baked_potato":15,"minecraft:wooden_pickaxe":59,"minecraft:sand":3,"minecraft:crafting_table":6,"minecraft:white_bed":5,"minecraft:oak_log":2,"minecraft:bread":17,"minecraft:iron_pickaxe":536,"minecraft:gravel":1,"minecraft:stone_axe":84,"minecraft:pink_petals":4,"minecraft:wooden_sword":13,"minecraft:cobblestone":132,"minecraft:cooked_porkchop":9,"minecraft:andesite":18,"minecraft:oak_boat":3,"minecraft:bone_meal":37},"minecraft:broken":{"minecraft:stone_sword":1,"minecraft:wooden_pickaxe":1,"minecraft:stone_pickaxe":1,"minecraft:iron_pickaxe":2},"minecraft:killed":{"minecraft:witch":1,"minecraft:spider":3,"minecraft:skeleton":29,"minecraft:pig":23,"minecraft:creeper":2,"minecraft:sheep":28,"minecraft:zombie":36,"minecraft:cow":16},"minecraft:picked_up":{"minecraft:crafting_table":6,"minecraft:wheat":4,"minecraft:string":2,"minecraft:cobbled_deepslate":74,"minecraft:beef":43,"minecraft:oak_boat":2,"minecraft:calcite":1,"minecraft:iron_pickaxe":1,"minecraft:light_gray_wool":2,"minecraft:egg":4,"minecraft:furnace":4,"minecraft:stick":5,"minecraft:raw_iron":201,"minecraft:sandstone":2,"minecraft:oak_door":1,"minecraft:oak_fence":6,"minecraft:torch":3,"minecraft:porkchop":46,"minecraft:diorite":15,"minecraft:carrot":18,"minecraft:redstone":6,"minecraft:stone_sword":1,"minecraft:arrow":27,"minecraft:rotten_flesh":29,"minecraft:hay_block":11,"minecraft:mutton":40,"minecraft:cobblestone":189,"minecraft:white_wool":22,"minecraft:pink_petals":4,"minecraft:andesite":18,"minecraft:brown_wool":2,"minecraft:leather":17,"minecraft:potato":52,"minecraft:tuff":7,"minecraft:oak_log":58,"minecraft:gunpowder":4,"minecraft:dirt":45,"minecraft:lapis_lazuli":379,"minecraft:bone":25,"minecraft:bow":2,"minecraft:wheat_seeds":27,"minecraft:stone_pickaxe":1,"minecraft:iron_ingot":5,"minecraft:smooth_basalt":10,"minecraft:gravel":6,"minecraft:dripstone_block":3,"minecraft:sand":3,"minecraft:white_bed":4,"minecraft:diamond":53,"minecraft:granite":11,"minecraft:gray_wool":2,"minecraft:emerald":2,"minecraft:coal":155},"minecraft:mined":{"minecraft:tuff":7,"minecraft:white_bed":4,"minecraft:deepslate_diamond_ore":39,"minecraft:oak_door":1,"minecraft:granite":10,"minecraft:grass_block":15,"minecraft:sandstone":2,"minecraft:hay_block":11,"minecraft:furnace":4,"minecraft:carrots":12,"minecraft:fire":1,"minecraft:iron_ore":150,"minecraft:cobbled_deepslate":4,"minecraft:andesite":19,"minecraft:deepslate_lapis_ore":23,"minecraft:potatoes":24,"minecraft:deepslate_iron_ore":33,"minecraft:stone":177,"minecraft:oak_fence":5,"minecraft:crafting_table":5,"minecraft:short_grass":132,"minecraft:emerald_ore":1,"minecraft:calcite":4,"minecraft:tall_grass":5,"minecraft:cobblestone":7,"minecraft:lapis_ore":16,"minecraft:diorite":14,"minecraft:wall_torch":1,"minecraft:amethyst_block":3,"minecraft:wheat":8,"minecraft:oak_log":58,"minecraft:coal_ore":159,"minecraft:gravel":6,"minecraft:sand":3,"minecraft:dirt":34,"minecraft:cobweb":1,"minecraft:smooth_basalt":10,"minecraft:oak_leaves":2,"minecraft:deepslate_emerald_ore":1,"minecraft:deepslate":87}},"DataVersion":3953}