{"stats":{"minecraft:used":{"minecraft:oak_fence":3,"minecraft:cooked_mutton":4,"minecraft:diorite":8,"minecraft:stone_sword":74,"minecraft:stone_pickaxe":143,"minecraft:chest":1,"minecraft:wooden_pickaxe":59,"minecraft:shield":19,"minecraft:iron_sword":105,"minecraft:rotten_flesh":1,"minecraft:iron_chestplate":1,"minecraft:torch":14,"minecraft:dirt":41,"minecraft:crafting_table":4,"minecraft:carrot":1,"minecraft:white_bed":4,"minecraft:bread":16,"minecraft:iron_pickaxe":313,"minecraft:iron_helmet":2,"minecraft:iron_boots":2,"minecraft:smooth_basalt":10,"minecraft:gravel":1,"minecraft:stone_axe":34,"minecraft:wooden_sword":13,"minecraft:cobblestone":66,"minecraft:furnace":3,"minecraft:cooked_porkchop":7,"minecraft:andesite":8,"minecraft:cooked_beef":9,"minecraft:cobbled_deepslate":42,"minecraft:potato":1,"minecraft:iron_leggings":2},"minecraft:picked_up":{"minecraft:crafting_table":5,"minecraft:andesite":8,"minecraft:leather":4,"minecraft:potato":1,"minecraft:tuff":7,"minecraft:oak_log":30,"minecraft:dirt":41,"minecraft:lapis_lazuli":338,"minecraft:string":2,"minecraft:bone":13,"minecraft:bow":2,"minecraft:wheat_seeds":10,"minecraft:cobbled_deepslate":46,"minecraft:iron_ingot":5,"minecraft:beef":22,"minecraft:stone_pickaxe":1,"minecraft:calcite":1,"minecraft:iron_pickaxe":1,"minecraft:furnace":3,"minecraft:stick":5,"minecraft:raw_iron":135,"minecraft:smooth_basalt":10,"minecraft:oak_door":1,"minecraft:oak_fence":3,"minecraft:gravel":1,"minecraft:dripstone_block":3,"minecraft:porkchop":11,"minecraft:diorite":8,"minecraft:white_bed":4,"minecraft:carrot":1,"minecraft:redstone":6,"minecraft:stone_sword":1,"minecraft:arrow":10,"minecraft:rotten_flesh":11,"minecraft:diamond":34,"minecraft:hay_block":11,"minecraft:granite":1,"minecraft:emerald":2,"minecraft:mutton":6,"minecraft:coal":144,"minecraft:white_wool":4,"minecraft:cobblestone":109},"minecraft:dropped":{"minecraft:bread":1,"minecraft:iron_ingot":2,"minecraft:wheat_seeds":9,"minecraft:wheat":35,"minecraft:oak_planks":7,"minecraft:cooked_mutton":1,"minecraft:leather_chestplate":1,"minecraft:wooden_sword":1},"minecraft:killed":{"minecraft:pig":5,"minecraft:witch":1,"minecraft:spider":2,"minecraft:creeper":1,"minecraft:skeleton":14,"minecraft:sheep":4,"minecraft:zombie":20,"minecraft:cow":5},"minecraft:custom":{"minecraft:interact_with_furnace":69,"minecraft:mob_kills":57,"minecraft:interact_with_crafting_table":33,"minecraft:leave_game":4,"minecraft:time_since_death":66200,"minecraft:sleep_in_bed":4,"minecraft:time_since_rest":59317,"minecraft:sprint_one_cm":401595,"minecraft:damage_taken":2056,"minecraft:walk_one_cm":478873,"minecraft:damage_blocked_by_shield":415,"minecraft:drop":17,"minecraft:damage_dealt":9276,"minecraft:swim_one_cm":30445,"minecraft:talked_to_villager":1,"minecraft:fly_one_cm":721875,"minecraft:open_chest":40,"minecraft:play_time":208784,"minecraft:crouch_one_cm":42883,"minecraft:sneak_time":16657,"minecraft:deaths":1,"minecraft:walk_under_water_one_cm":12231,"minecraft:jump":4123,"minecraft:walk_on_water_one_cm":12241,"minecraft:total_world_time":208784,"minecraft:fall_one_cm":133714},"minecraft:mined":{"minecraft:tuff":7,"minecraft:white_bed":4,"minecraft:deepslate_diamond_ore":20,"minecraft:oak_door":1,"minecraft:oak_fence":3,"minecraft:crafting_table":4,"minecraft:short_grass":103,"minecraft:calcite":4,"minecraft:emerald_ore":1,"minecraft:grass_block":13,"minecraft:cobblestone":4,"minecraft:lapis_ore":9,"minecraft:diorite":7,"minecraft:amethyst_block":3,"minecraft:hay_block":11,"minecraft:furnace":3,"minecraft:carrots":1,"minecraft:iron_ore":98,"minecraft:wheat":1,"minecraft:cobbled_deepslate":4,"minecraft:andesite":8,"minecraft:deepslate_lapis_ore":23,"minecraft:oak_log":30,"minecraft:potatoes":1,"minecraft:coal_ore":148,"minecraft:deepslate_iron_ore":17,"minecraft:gravel":1,"minecraft:dirt":32,"minecraft:cobweb":1,"minecraft:smooth_basalt":10,"minecraft:stone":103,"minecraft:oak_leaves":1,"minecraft:deepslate_emerald_ore":1,"minecraft:deepslate":42},"minecraft:crafted":{"minecraft:cooked_beef":11,"minecraft:wooden_sword":1,"minecraft:oak_planks":120,"minecraft:cooked_porkchop":11,"minecraft:crafting_table":1,"minecraft:wooden_pickaxe":1,"minecraft:iron_helmet":2,"minecraft:iron_sword":1,"minecraft:furnace":1,"minecraft:stone_axe":1,"minecraft:bread":28,"minecraft:cooked_mutton":6,"minecraft:air":0,"minecraft:iron_boots":2,"minecraft:iron_chestplate":1,"minecraft:shield":2,"minecraft:stick":36,"minecraft:iron_ingot":110,"minecraft:iron_pickaxe":2,"minecraft:stone_pickaxe":1,"minecraft:stone_sword":1,"minecraft:chest":1,"minecraft:iron_leggings":2,"minecraft:white_bed":1,"minecraft:torch":80,"minecraft:wheat":99},"minecraft:broken":{"minecraft:stone_pickaxe":1,"minecraft:iron_pickaxe":1,"minecraft:wooden_pickaxe":1}},"DataVersion":3953}