{"stats":{"minecraft:dropped":{"minecraft:iron_ingot":2,"minecraft:bread":1,"minecraft:wheat_seeds":20,"minecraft:dripstone_block":3,"minecraft:stick":2,"minecraft:dirt":2,"minecraft:torch":1,"minecraft:wooden_sword":1,"minecraft:gravel":5,"minecraft:cobbled_deepslate":2,"minecraft:wheat":37,"minecraft:rotten_flesh":11,"minecraft:oak_planks":7,"minecraft:cooked_mutton":1,"minecraft:filled_map":1,"minecraft:leather_chestplate":1,"minecraft:gunpowder":1,"minecraft:bow":1,"minecraft:calcite":1},"minecraft:custom":{"minecraft:mob_kills":165,"minecraft:animals_bred":3,"minecraft:interact_with_crafting_table":45,"minecraft:open_barrel":1,"minecraft:leave_game":4,"minecraft:time_since_death":226224,"minecraft:climb_one_cm":2269,"minecraft:sprint_one_cm":824415,"minecraft:walk_one_cm":949026,"minecraft:damage_blocked_by_shield":1175,"minecraft:drop":36,"minecraft:talked_to_villager":6,"minecraft:play_time":368808,"minecraft:deaths":1,"minecraft:sneak_time":25700,"minecraft:walk_under_water_one_cm":31376,"minecraft:boat_one_cm":45275,"minecraft:jump":8773,"minecraft:interact_with_blast_furnace":13,"minecraft:walk_on_water_one_cm":28857,"minecraft:total_world_time":368808,"minecraft:interact_with_furnace":90,"minecraft:sleep_in_bed":13,"minecraft:time_since_rest":13165,"minecraft:damage_taken":3789,"minecraft:damage_dealt":23935,"minecraft:swim_one_cm":50293,"minecraft:fly_one_cm":1652476,"minecraft:open_chest":126,"minecraft:crouch_one_cm":66838,"minecraft:interact_with_smoker":32,"minecraft:fall_one_cm":275973},"minecraft:crafted":{"minecraft:wooden_sword":1,"minecraft:oak_planks":280,"minecraft:furnace":2,"minecraft:bone_meal":39,"minecraft:cooked_mutton":40,"minecraft:iron_boots":2,"minecraft:stone_pickaxe":4,"minecraft:chest":1,"minecraft:wheat":99,"minecraft:cooked_beef":33,"minecraft:diamond_sword":1,"minecraft:cooked_porkchop":46,"minecraft:diamond_axe":1,"minecraft:crafting_table":1,"minecraft:wooden_pickaxe":1,"minecraft:baked_potato":21,"minecraft:iron_helmet":2,"minecraft:iron_sword":1,"minecraft:bucket":2,"minecraft:stone_axe":1,"minecraft:bread":28,"minecraft:air":0,"minecraft:oak_boat":4,"minecraft:iron_chestplate":1,"minecraft:diamond_pickaxe":1,"minecraft:shield":2,"minecraft:stick":56,"minecraft:iron_ingot":176,"minecraft:iron_pickaxe":3,"minecraft:stone_sword":1,"minecraft:iron_leggings":2,"minecraft:white_bed":1,"minecraft:torch":80},"minecraft:used":{"minecraft:oak_fence":6,"minecraft:stone_sword":139,"minecraft:chest":1,"minecraft:shield":55,"minecraft:iron_sword":251,"minecraft:rotten_flesh":1,"minecraft:iron_chestplate":1,"minecraft:torch":86,"minecraft:dirt":43,"minecraft:carrot":15,"minecraft:tuff":1,"minecraft:granite":10,"minecraft:iron_helmet":2,"minecraft:iron_boots":2,"minecraft:smooth_basalt":10,"minecraft:light_gray_wool":2,"minecraft:bow":14,"minecraft:furnace":4,"minecraft:cooked_beef":27,"minecraft:potato":31,"minecraft:cobbled_deepslate":64,"minecraft:iron_leggings":2,"minecraft:wheat_seeds":2,"minecraft:cooked_mutton":5,"minecraft:water_bucket":2,"minecraft:diorite":8,"minecraft:stone_pickaxe":187,"minecraft:baked_potato":15,"minecraft:wooden_pickaxe":59,"minecraft:sand":3,"minecraft:crafting_table":6,"minecraft:white_bed":5,"minecraft:oak_log":2,"minecraft:diamond_pickaxe":1,"minecraft:bread":17,"minecraft:iron_pickaxe":603,"minecraft:gravel":1,"minecraft:stone_axe":122,"minecraft:pink_petals":4,"minecraft:diamond_sword":31,"minecraft:wooden_sword":13,"minecraft:cobblestone":134,"minecraft:cooked_porkchop":9,"minecraft:bucket":4,"minecraft:andesite":18,"minecraft:oak_boat":3,"minecraft:bone_meal":37},"minecraft:broken":{"minecraft:stone_sword":1,"minecraft:wooden_pickaxe":1,"minecraft:stone_pickaxe":1,"minecraft:iron_pickaxe":2},"minecraft:killed":{"minecraft:cave_spider":2,"minecraft:witch":1,"minecraft:spider":3,"minecraft:skeleton":30,"minecraft:husk":6,"minecraft:pig":23,"minecraft:wandering_trader":1,"minecraft:creeper":3,"minecraft:sheep":28,"minecraft:trader_llama":2,"minecraft:zombie":38,"minecraft:cow":17},"minecraft:picked_up":{"minecraft:waxed_oxidized_cut_copper":1,"minecraft:crafting_table":6,"minecraft:wheat":4,"minecraft:lead":2,"minecraft:string":3,"minecraft:cobbled_deepslate":95,"minecraft:beef":44,"minecraft:oak_boat":2,"minecraft:calcite":1,"minecraft:iron_pickaxe":1,"minecraft:light_gray_wool":2,"minecraft:egg":4,"minecraft:furnace":4,"minecraft:stick":5,"minecraft:raw_iron":201,"minecraft:sandstone":2,"minecraft:oak_door":1,"minecraft:oak_fence":6,"minecraft:torch":3,"minecraft:porkchop":46,"minecraft:diorite":15,"minecraft:carrot":18,"minecraft:redstone":6,"minecraft:stone_sword":1,"minecraft:arrow":34,"minecraft:rotten_flesh":36,"minecraft:hay_block":11,"minecraft:tuff_bricks":8,"minecraft:mutton":40,"minecraft:rail":6,"minecraft:cobblestone":191,"minecraft:white_wool":22,"minecraft:pink_petals":4,"minecraft:andesite":18,"minecraft:brown_wool":2,"minecraft:leather":20,"minecraft:potato":52,"minecraft:tuff":27,"minecraft:oak_log":72,"minecraft:gunpowder":5,"minecraft:dirt":45,"minecraft:lapis_lazuli":379,"minecraft:bone":25,"minecraft:bow":3,"minecraft:wheat_seeds":27,"minecraft:stone_pickaxe":1,"minecraft:iron_ingot":6,"minecraft:smooth_basalt":10,"minecraft:gravel":6,"minecraft:dripstone_block":3,"minecraft:sand":3,"minecraft:white_bed":4,"minecraft:polished_tuff":5,"minecraft:diamond":53,"minecraft:granite":11,"minecraft:gray_wool":2,"minecraft:emerald":2,"minecraft:coal":155},"minecraft:mined":{"minecraft:tuff":27,"minecraft:white_bed":4,"minecraft:deepslate_diamond_ore":39,"minecraft:oak_door":1,"minecraft:waxed_oxidized_chiseled_copper":1,"minecraft:granite":10,"minecraft:grass_block":15,"minecraft:sandstone":2,"minecraft:tuff_bricks":8,"minecraft:hay_block":11,"minecraft:waxed_oxidized_cut_copper":1,"minecraft:furnace":4,"minecraft:carrots":12,"minecraft:fire":1,"minecraft:iron_ore":150,"minecraft:cobbled_deepslate":4,"minecraft:polished_tuff":6,"minecraft:andesite":19,"minecraft:deepslate_lapis_ore":23,"minecraft:chiseled_tuff":1,"minecraft:potatoes":24,"minecraft:deepslate_iron_ore":33,"minecraft:rail":5,"minecraft:stone":179,"minecraft:oak_fence":5,"minecraft:crafting_table":5,"minecraft:short_grass":136,"minecraft:emerald_ore":1,"minecraft:calcite":4,"minecraft:tall_grass":5,"minecraft:cobblestone":7,"minecraft:lapis_ore":16,"minecraft:diorite":14,"minecraft:wall_torch":1,"minecraft:amethyst_block":3,"minecraft:wheat":8,"minecraft:oak_log":72,"minecraft:coal_ore":159,"minecraft:gravel":6,"minecraft:sand":3,"minecraft:dirt":34,"minecraft:cobweb":1,"minecraft:smooth_basalt":10,"minecraft:oak_leaves":8,"minecraft:deepslate_emerald_ore":1,"minecraft:deepslate":109}},"DataVersion":3953}