{"stats":{"minecraft:used":{"minecraft:wooden_pickaxe":59,"minecraft:wooden_sword":13,"minecraft:dirt":12,"minecraft:cobblestone":9,"minecraft:crafting_table":2,"minecraft:furnace":1},"minecraft:picked_up":{"minecraft:crafting_table":1,"minecraft:porkchop":9,"minecraft:oak_log":5,"minecraft:dirt":15,"minecraft:mutton":2,"minecraft:coal":18,"minecraft:white_wool":1,"minecraft:cobblestone":41},"minecraft:killed":{"minecraft:sheep":1,"minecraft:pig":4},"minecraft:custom":{"minecraft:time_since_rest":34014,"minecraft:interact_with_furnace":3,"minecraft:sprint_one_cm":10780,"minecraft:damage_taken":50,"minecraft:walk_one_cm":16709,"minecraft:mob_kills":5,"minecraft:damage_dealt":480,"minecraft:interact_with_crafting_table":7,"minecraft:fly_one_cm":32510,"minecraft:crouch_one_cm":9310,"minecraft:play_time":34014,"minecraft:sneak_time":3858,"minecraft:jump":164,"minecraft:time_since_death":34014,"minecraft:total_world_time":34014,"minecraft:fall_one_cm":5902},"minecraft:mined":{"minecraft:crafting_table":1,"minecraft:short_grass":4,"minecraft:oak_log":5,"minecraft:grass_block":7,"minecraft:coal_ore":18,"minecraft:dirt":10,"minecraft:cobblestone":3,"minecraft:stone":38},"minecraft:crafted":{"minecraft:wooden_sword":1,"minecraft:oak_planks":20,"minecraft:crafting_table":1,"minecraft:stick":8,"minecraft:wooden_pickaxe":1,"minecraft:stone_pickaxe":1,"minecraft:stone_sword":1,"minecraft:furnace":1,"minecraft:stone_axe":1,"minecraft:cooked_mutton":2,"minecraft:air":0},"minecraft:broken":{"minecraft:wooden_pickaxe":1}},"DataVersion":3953}