{"stats":{"minecraft:used":{"minecraft:oak_fence":3,"minecraft:cooked_mutton":4,"minecraft:stone_sword":42,"minecraft:stone_pickaxe":126,"minecraft:chest":1,"minecraft:wooden_pickaxe":59,"minecraft:dirt":41,"minecraft:crafting_table":3,"minecraft:carrot":1,"minecraft:white_bed":4,"minecraft:bread":7,"minecraft:iron_pickaxe":48,"minecraft:stone_axe":18,"minecraft:wooden_sword":13,"minecraft:cobblestone":55,"minecraft:furnace":3,"minecraft:cooked_porkchop":2,"minecraft:potato":1},"minecraft:picked_up":{"minecraft:crafting_table":3,"minecraft:andesite":8,"minecraft:leather":4,"minecraft:potato":1,"minecraft:tuff":1,"minecraft:oak_log":13,"minecraft:lapis_lazuli":50,"minecraft:string":1,"minecraft:dirt":41,"minecraft:wheat_seeds":10,"minecraft:cobbled_deepslate":2,"minecraft:iron_ingot":5,"minecraft:beef":11,"minecraft:furnace":2,"minecraft:raw_iron":30,"minecraft:oak_fence":3,"minecraft:porkchop":9,"minecraft:white_bed":3,"minecraft:carrot":1,"minecraft:hay_block":11,"minecraft:emerald":2,"minecraft:mutton":5,"minecraft:coal":103,"minecraft:cobblestone":71,"minecraft:white_wool":3},"minecraft:dropped":{"minecraft:iron_ingot":2,"minecraft:wheat_seeds":9,"minecraft:wheat":35,"minecraft:oak_planks":7,"minecraft:wooden_sword":1},"minecraft:killed":{"minecraft:pig":4,"minecraft:spider":1,"minecraft:creeper":1,"minecraft:sheep":3,"minecraft:zombie":3,"minecraft:cow":5},"minecraft:custom":{"minecraft:interact_with_furnace":10,"minecraft:mob_kills":18,"minecraft:interact_with_crafting_table":13,"minecraft:leave_game":2,"minecraft:time_since_death":101225,"minecraft:sleep_in_bed":3,"minecraft:time_since_rest":20919,"minecraft:sprint_one_cm":153152,"minecraft:damage_taken":663,"minecraft:walk_one_cm":167740,"minecraft:drop":14,"minecraft:damage_dealt":2351,"minecraft:swim_one_cm":3465,"minecraft:talked_to_villager":1,"minecraft:fly_one_cm":281148,"minecraft:open_chest":6,"minecraft:crouch_one_cm":26403,"minecraft:play_time":101225,"minecraft:sneak_time":9972,"minecraft:walk_under_water_one_cm":2306,"minecraft:jump":1515,"minecraft:walk_on_water_one_cm":3021,"minecraft:total_world_time":101225,"minecraft:fall_one_cm":50240},"minecraft:mined":{"minecraft:tuff":1,"minecraft:white_bed":3,"minecraft:oak_fence":3,"minecraft:crafting_table":3,"minecraft:short_grass":80,"minecraft:emerald_ore":1,"minecraft:grass_block":13,"minecraft:cobblestone":4,"minecraft:hay_block":11,"minecraft:furnace":2,"minecraft:carrots":1,"minecraft:iron_ore":29,"minecraft:wheat":1,"minecraft:andesite":8,"minecraft:deepslate_lapis_ore":7,"minecraft:coal_ore":107,"minecraft:potatoes":1,"minecraft:oak_log":13,"minecraft:deepslate_iron_ore":2,"minecraft:dirt":32,"minecraft:stone":67,"minecraft:deepslate_emerald_ore":1,"minecraft:deepslate":2,"minecraft:oak_leaves":1},"minecraft:crafted":{"minecraft:wooden_sword":1,"minecraft:oak_planks":52,"minecraft:cooked_porkchop":9,"minecraft:crafting_table":1,"minecraft:wooden_pickaxe":1,"minecraft:furnace":1,"minecraft:stone_axe":1,"minecraft:bread":21,"minecraft:cooked_mutton":5,"minecraft:air":0,"minecraft:stick":12,"minecraft:iron_pickaxe":1,"minecraft:stone_pickaxe":1,"minecraft:stone_sword":1,"minecraft:chest":1,"minecraft:white_bed":1,"minecraft:wheat":99},"minecraft:broken":{"minecraft:wooden_pickaxe":1}},"DataVersion":3953}