{"stats":{"minecraft:custom":{"minecraft:mob_kills":290,"minecraft:animals_bred":3,"minecraft:interact_with_crafting_table":62,"minecraft:open_barrel":6,"minecraft:eat_cake_slice":4,"minecraft:leave_game":6,"minecraft:time_since_death":406518,"minecraft:climb_one_cm":14142,"minecraft:sprint_one_cm":1231813,"minecraft:walk_one_cm":1658061,"minecraft:damage_blocked_by_shield":2161,"minecraft:drop":107,"minecraft:talked_to_villager":7,"minecraft:play_time":549102,"minecraft:sneak_time":40672,"minecraft:deaths":1,"minecraft:walk_under_water_one_cm":75075,"minecraft:boat_one_cm":45337,"minecraft:jump":12614,"minecraft:interact_with_blast_furnace":16,"minecraft:walk_on_water_one_cm":81806,"minecraft:total_world_time":549102,"minecraft:interact_with_furnace":90,"minecraft:sleep_in_bed":18,"minecraft:time_since_rest":1626,"minecraft:damage_taken":7384,"minecraft:damage_dealt":43146,"minecraft:minecart_one_cm":29609,"minecraft:swim_one_cm":93474,"minecraft:fly_one_cm":2409568,"minecraft:open_chest":187,"minecraft:crouch_one_cm":122578,"minecraft:interact_with_smoker":34,"minecraft:fall_one_cm":369292,"minecraft:inspect_dispenser":45},"minecraft:crafted":{"minecraft:wooden_sword":1,"minecraft:oak_door":3,"minecraft:oak_planks":284,"minecraft:furnace":2,"minecraft:bone_meal":39,"minecraft:cooked_mutton":40,"minecraft:iron_boots":3,"minecraft:stone_pickaxe":4,"minecraft:chest":2,"minecraft:oak_button":2,"minecraft:wheat":99,"minecraft:minecart":1,"minecraft:cooked_beef":33,"minecraft:diamond_sword":1,"minecraft:cooked_porkchop":46,"minecraft:diamond_axe":1,"minecraft:crafting_table":3,"minecraft:iron_helmet":3,"minecraft:wooden_pickaxe":1,"minecraft:powered_rail":36,"minecraft:baked_potato":21,"minecraft:iron_sword":1,"minecraft:bucket":2,"minecraft:stone_axe":1,"minecraft:bread":28,"minecraft:air":0,"minecraft:oak_boat":4,"minecraft:iron_chestplate":2,"minecraft:diamond_pickaxe":1,"minecraft:shield":5,"minecraft:stick":100,"minecraft:iron_ingot":182,"minecraft:iron_pickaxe":4,"minecraft:gold_ingot":29,"minecraft:stone_sword":1,"minecraft:iron_shovel":3,"minecraft:iron_leggings":3,"minecraft:white_bed":1,"minecraft:redstone_torch":2,"minecraft:torch":80},"minecraft:mined":{"minecraft:tuff":35,"minecraft:white_bed":4,"minecraft:mossy_cobblestone":2,"minecraft:deepslate_diamond_ore":50,"minecraft:oak_door":2,"minecraft:waxed_oxidized_chiseled_copper":1,"minecraft:granite":10,"minecraft:grass_block":84,"minecraft:decorated_pot":32,"minecraft:chiseled_tuff_bricks":3,"minecraft:sandstone":2,"minecraft:tuff_bricks":14,"minecraft:spawner":1,"minecraft:hay_block":11,"minecraft:waxed_oxidized_cut_copper":1,"minecraft:carrots":12,"minecraft:furnace":4,"minecraft:iron_ore":166,"minecraft:fire":1,"minecraft:waxed_copper_grate":3,"minecraft:cobbled_deepslate":4,"minecraft:polished_tuff":6,"minecraft:andesite":19,"minecraft:detector_rail":2,"minecraft:deepslate_lapis_ore":25,"minecraft:bell":1,"minecraft:chiseled_tuff":2,"minecraft:potatoes":24,"minecraft:deepslate_iron_ore":77,"minecraft:rail":87,"minecraft:stripped_oak_log":1,"minecraft:stone":182,"minecraft:deepslate_redstone_ore":69,"minecraft:powder_snow":31,"minecraft:oak_fence":6,"minecraft:crafting_table":6,"minecraft:torch":1,"minecraft:short_grass":182,"minecraft:emerald_ore":1,"minecraft:calcite":4,"minecraft:tall_grass":10,"minecraft:cobblestone":15,"minecraft:deepslate_gold_ore":25,"minecraft:red_glazed_terracotta":1,"minecraft:lapis_ore":20,"minecraft:diorite":14,"minecraft:wall_torch":3,"minecraft:amethyst_block":3,"minecraft:powered_rail":5,"minecraft:redstone_torch":5,"minecraft:wheat":8,"minecraft:coal_ore":159,"minecraft:oak_log":72,"minecraft:gravel":6,"minecraft:sand":3,"minecraft:flower_pot":1,"minecraft:dirt":113,"minecraft:cobweb":1,"minecraft:smooth_basalt":10,"minecraft:deepslate_emerald_ore":1,"minecraft:oak_leaves":9,"minecraft:deepslate":148},"minecraft:picked_up":{"minecraft:waxed_oxidized_cut_copper":1,"minecraft:iron_chestplate":7,"minecraft:crafting_table":7,"minecraft:wheat":4,"minecraft:lead":2,"minecraft:potion":2,"minecraft:shield":9,"minecraft:brick":64,"minecraft:string":39,"minecraft:iron_axe":1,"minecraft:iron_leggings":2,"minecraft:detector_rail":2,"minecraft:cobbled_deepslate":131,"minecraft:bucket":1,"minecraft:beef":44,"minecraft:trial_key":18,"minecraft:oak_boat":3,"minecraft:redstone_torch":5,"minecraft:calcite":1,"minecraft:iron_pickaxe":1,"minecraft:light_gray_wool":2,"minecraft:minecart":2,"minecraft:furnace":5,"minecraft:egg":4,"minecraft:tipped_arrow":32,"minecraft:stick":5,"minecraft:raw_iron":259,"minecraft:sandstone":2,"minecraft:oak_door":2,"minecraft:oak_fence":7,"minecraft:torch":8,"minecraft:fire_charge":84,"minecraft:porkchop":46,"minecraft:diorite":15,"minecraft:carrot":18,"minecraft:redstone":304,"minecraft:stone_sword":1,"minecraft:arrow":192,"minecraft:honey_bottle":5,"minecraft:rotten_flesh":45,"minecraft:hay_block":11,"minecraft:tuff_bricks":11,"minecraft:mutton":40,"minecraft:rail":178,"minecraft:white_wool":22,"minecraft:cobblestone":202,"minecraft:stripped_oak_log":1,"minecraft:pink_petals":4,"minecraft:cooked_beef":1,"minecraft:golden_carrot":1,"minecraft:water_bucket":3,"minecraft:andesite":18,"minecraft:brown_wool":2,"minecraft:leather":20,"minecraft:potato":52,"minecraft:flint":1,"minecraft:tuff":36,"minecraft:oak_log":72,"minecraft:gunpowder":7,"minecraft:lapis_lazuli":419,"minecraft:dirt":183,"minecraft:bone":110,"minecraft:bow":11,"minecraft:wheat_seeds":37,"minecraft:raw_gold":23,"minecraft:bell":1,"minecraft:iron_ingot":34,"minecraft:stone_pickaxe":1,"minecraft:guster_banner_pattern":1,"minecraft:powered_rail":5,"minecraft:oak_planks":30,"minecraft:smooth_basalt":10,"minecraft:dripstone_block":3,"minecraft:gravel":6,"minecraft:sand":3,"minecraft:white_bed":4,"minecraft:spider_eye":2,"minecraft:polished_tuff":22,"minecraft:mossy_cobblestone":2,"minecraft:diamond":65,"minecraft:granite":11,"minecraft:breeze_rod":8,"minecraft:golden_apple":4,"minecraft:gray_wool":2,"minecraft:bread":2,"minecraft:emerald":25,"minecraft:baked_potato":2,"minecraft:coal":163},"minecraft:broken":{"minecraft:stone_sword":1,"minecraft:wooden_pickaxe":1,"minecraft:stone_pickaxe":1,"minecraft:iron_pickaxe":3,"minecraft:iron_helmet":1},"minecraft:dropped":{"minecraft:water_bucket":3,"minecraft:iron_ingot":12,"minecraft:bread":8,"minecraft:wheat_seeds":20,"minecraft:cooked_beef":1,"minecraft:baked_potato":1,"minecraft:dripstone_block":3,"minecraft:polished_tuff":22,"minecraft:coal":16,"minecraft:golden_apple":3,"minecraft:stick":2,"minecraft:dirt":3,"minecraft:torch":1,"minecraft:fire_charge":84,"minecraft:potion":1,"minecraft:iron_leggings":2,"minecraft:wooden_sword":1,"minecraft:string":9,"minecraft:bucket":1,"minecraft:redstone":11,"minecraft:oak_door":1,"minecraft:gravel":5,"minecraft:cobbled_deepslate":2,"minecraft:tuff":18,"minecraft:guster_banner_pattern":1,"minecraft:wheat":37,"minecraft:rotten_flesh":12,"minecraft:oak_planks":127,"minecraft:iron_boots":1,"minecraft:cooked_mutton":10,"minecraft:honey_bottle":5,"minecraft:filled_map":1,"minecraft:leather_chestplate":1,"minecraft:shield":6,"minecraft:gunpowder":2,"minecraft:trial_key":9,"minecraft:iron_chestplate":6,"minecraft:lingering_potion":2,"minecraft:breeze_rod":5,"minecraft:arrow":6,"minecraft:bow":5,"minecraft:stone_pickaxe":1,"minecraft:calcite":1},"minecraft:killed":{"minecraft:cave_spider":15,"minecraft:witch":2,"minecraft:spider":6,"minecraft:skeleton":95,"minecraft:husk":12,"minecraft:pig":23,"minecraft:wandering_trader":1,"minecraft:creeper":3,"minecraft:sheep":28,"minecraft:trader_llama":2,"minecraft:zombie":53,"minecraft:stray":8,"minecraft:breeze":7,"minecraft:cow":17},"minecraft:used":{"minecraft:oak_fence":6,"minecraft:tuff_bricks":66,"minecraft:stone_sword":139,"minecraft:iron_shovel":76,"minecraft:chest":2,"minecraft:shield":92,"minecraft:iron_sword":251,"minecraft:rotten_flesh":1,"minecraft:trial_key":9,"minecraft:oak_door":2,"minecraft:iron_chestplate":1,"minecraft:torch":119,"minecraft:dirt":733,"minecraft:carrot":15,"minecraft:tuff":11,"minecraft:granite":10,"minecraft:iron_axe":1,"minecraft:iron_helmet":2,"minecraft:iron_boots":3,"minecraft:smooth_basalt":10,"minecraft:light_gray_wool":2,"minecraft:bow":44,"minecraft:furnace":4,"minecraft:minecart":3,"minecraft:potato":31,"minecraft:cooked_beef":33,"minecraft:cobbled_deepslate":87,"minecraft:iron_leggings":2,"minecraft:wheat_seeds":2,"minecraft:cooked_mutton":29,"minecraft:water_bucket":35,"minecraft:diorite":8,"minecraft:stone_pickaxe":187,"minecraft:powered_rail":39,"minecraft:baked_potato":16,"minecraft:wooden_pickaxe":59,"minecraft:diamond_axe":2,"minecraft:sand":3,"minecraft:rail":181,"minecraft:crafting_table":9,"minecraft:white_bed":5,"minecraft:lingering_potion":1,"minecraft:cake":1,"minecraft:redstone_torch":6,"minecraft:oak_log":2,"minecraft:diamond_pickaxe":33,"minecraft:oak_button":2,"minecraft:iron_pickaxe":942,"minecraft:bread":17,"minecraft:detector_rail":2,"minecraft:gravel":1,"minecraft:stone_axe":122,"minecraft:pink_petals":4,"minecraft:diamond_sword":352,"minecraft:wooden_sword":13,"minecraft:cobblestone":140,"minecraft:andesite":18,"minecraft:cooked_porkchop":29,"minecraft:bucket":35,"minecraft:oak_boat":6,"minecraft:bone_meal":37}},"DataVersion":3953}