{"stats":{"minecraft:custom":{"minecraft:animals_bred":3,"minecraft:interact_with_crafting_table":76,"minecraft:open_barrel":6,"minecraft:eat_cake_slice":4,"minecraft:leave_game":7,"minecraft:time_since_death":508356,"minecraft:sprint_one_cm":1447219,"minecraft:damage_blocked_by_shield":2191,"minecraft:drop":149,"minecraft:talked_to_villager":62,"minecraft:play_time":650940,"minecraft:deaths":1,"minecraft:jump":14577,"minecraft:walk_on_water_one_cm":83448,"minecraft:interact_with_furnace":90,"minecraft:traded_with_villager":67,"minecraft:sleep_in_bed":25,"minecraft:damage_dealt":46187,"minecraft:crouch_one_cm":140812,"minecraft:interact_with_smoker":38,"minecraft:inspect_dispenser":45,"minecraft:mob_kills":313,"minecraft:climb_one_cm":14142,"minecraft:walk_one_cm":1911536,"minecraft:sneak_time":47306,"minecraft:walk_under_water_one_cm":75681,"minecraft:boat_one_cm":89025,"minecraft:interact_with_blast_furnace":16,"minecraft:total_world_time":650940,"minecraft:time_since_rest":20071,"minecraft:damage_taken":7700,"minecraft:minecart_one_cm":95562,"minecraft:swim_one_cm":93474,"minecraft:fly_one_cm":2847389,"minecraft:open_chest":256,"minecraft:fall_one_cm":418137},"minecraft:crafted":{"minecraft:oak_planks":300,"minecraft:cooked_mutton":40,"minecraft:diamond_helmet":1,"minecraft:diamond_leggings":1,"minecraft:iron_boots":3,"minecraft:chest":4,"minecraft:oak_button":2,"minecraft:golden_boots":2,"minecraft:oak_slab":12,"minecraft:emerald":67,"minecraft:cooked_porkchop":53,"minecraft:diamond_axe":1,"minecraft:crafting_table":3,"minecraft:baked_potato":21,"minecraft:wooden_pickaxe":1,"minecraft:iron_helmet":3,"minecraft:birch_planks":1280,"minecraft:iron_chestplate":2,"minecraft:diamond_pickaxe":1,"minecraft:shield":5,"minecraft:stick":2660,"minecraft:iron_ingot":182,"minecraft:iron_pickaxe":5,"minecraft:stone_sword":1,"minecraft:gold_ingot":33,"minecraft:redstone_torch":2,"minecraft:wooden_sword":1,"minecraft:oak_door":3,"minecraft:furnace":2,"minecraft:bone_meal":39,"minecraft:iron_axe":3,"minecraft:stone_pickaxe":4,"minecraft:diamond_boots":1,"minecraft:minecart":1,"minecraft:wheat":99,"minecraft:cooked_beef":34,"minecraft:diamond_sword":1,"minecraft:powered_rail":36,"minecraft:iron_sword":1,"minecraft:bucket":2,"minecraft:stone_axe":1,"minecraft:bread":28,"minecraft:air":0,"minecraft:oak_boat":6,"minecraft:iron_shovel":3,"minecraft:iron_leggings":3,"minecraft:white_bed":1,"minecraft:torch":80,"minecraft:diamond_chestplate":1},"minecraft:mined":{"minecraft:white_bed":4,"minecraft:granite":10,"minecraft:grass_block":98,"minecraft:chiseled_tuff_bricks":3,"minecraft:tuff_bricks":14,"minecraft:spawner":1,"minecraft:iron_ore":166,"minecraft:cobbled_deepslate":4,"minecraft:fire":1,"minecraft:polished_tuff":6,"minecraft:deepslate_lapis_ore":25,"minecraft:dirt_path":1,"minecraft:deepslate_redstone_ore":69,"minecraft:powder_snow":31,"minecraft:torch":1,"minecraft:calcite":4,"minecraft:nether_quartz_ore":59,"minecraft:cobblestone":15,"minecraft:sugar_cane":6,"minecraft:wall_torch":3,"minecraft:amethyst_block":3,"minecraft:powered_rail":5,"minecraft:birch_log":322,"minecraft:wheat":8,"minecraft:oak_log":402,"minecraft:sand":3,"minecraft:dirt":248,"minecraft:smooth_basalt":10,"minecraft:netherrack":67,"minecraft:oak_leaves":64,"minecraft:deepslate":148,"minecraft:nether_gold_ore":12,"minecraft:tuff":35,"minecraft:mossy_cobblestone":2,"minecraft:deepslate_diamond_ore":50,"minecraft:oak_door":2,"minecraft:waxed_oxidized_chiseled_copper":1,"minecraft:decorated_pot":32,"minecraft:sandstone":2,"minecraft:hay_block":11,"minecraft:waxed_oxidized_cut_copper":1,"minecraft:furnace":4,"minecraft:carrots":12,"minecraft:waxed_copper_grate":3,"minecraft:andesite":20,"minecraft:detector_rail":2,"minecraft:chiseled_tuff":2,"minecraft:bell":1,"minecraft:potatoes":24,"minecraft:deepslate_iron_ore":77,"minecraft:rail":87,"minecraft:stripped_oak_log":1,"minecraft:stone":183,"minecraft:oak_slab":6,"minecraft:oak_fence":12,"minecraft:crafting_table":6,"minecraft:short_grass":224,"minecraft:emerald_ore":1,"minecraft:tall_grass":12,"minecraft:red_glazed_terracotta":1,"minecraft:lapis_ore":20,"minecraft:deepslate_gold_ore":25,"minecraft:diorite":14,"minecraft:redstone_torch":5,"minecraft:birch_leaves":4,"minecraft:coal_ore":159,"minecraft:flower_pot":1,"minecraft:gravel":6,"minecraft:cobweb":1,"minecraft:deepslate_emerald_ore":1},"minecraft:picked_up":{"minecraft:iron_chestplate":7,"minecraft:wheat":4,"minecraft:lead":2,"minecraft:potion":2,"minecraft:nether_brick":8,"minecraft:string":39,"minecraft:iron_leggings":2,"minecraft:gold_nugget":44,"minecraft:cobbled_deepslate":131,"minecraft:bucket":1,"minecraft:trial_key":18,"minecraft:redstone_torch":5,"minecraft:calcite":1,"minecraft:iron_pickaxe":1,"minecraft:furnace":5,"minecraft:tipped_arrow":32,"minecraft:stick":31,"minecraft:oak_fence":15,"minecraft:torch":8,"minecraft:porkchop":67,"minecraft:diorite":15,"minecraft:stone_sword":1,"minecraft:rotten_flesh":48,"minecraft:honey_bottle":5,"minecraft:cobblestone":203,"minecraft:birch_log":320,"minecraft:pink_petals":4,"minecraft:cooked_beef":1,"minecraft:water_bucket":3,"minecraft:andesite":19,"minecraft:brown_wool":2,"minecraft:potato":52,"minecraft:flint":1,"minecraft:tuff":36,"minecraft:dirt":352,"minecraft:lapis_lazuli":419,"minecraft:bone":111,"minecraft:bow":12,"minecraft:wheat_seeds":41,"minecraft:raw_gold":23,"minecraft:bell":1,"minecraft:guster_banner_pattern":1,"minecraft:powered_rail":5,"minecraft:oak_planks":30,"minecraft:sand":3,"minecraft:mossy_cobblestone":2,"minecraft:diamond":65,"minecraft:breeze_rod":8,"minecraft:granite":11,"minecraft:golden_apple":4,"minecraft:emerald":25,"minecraft:bread":2,"minecraft:oak_sapling":55,"minecraft:netherrack":62,"minecraft:waxed_oxidized_cut_copper":1,"minecraft:crafting_table":7,"minecraft:ominous_bottle":1,"minecraft:brick":64,"minecraft:shield":9,"minecraft:iron_axe":1,"minecraft:detector_rail":2,"minecraft:beef":46,"minecraft:oak_boat":10,"minecraft:light_gray_wool":2,"minecraft:minecart":4,"minecraft:sugar_cane":11,"minecraft:birch_sapling":12,"minecraft:egg":6,"minecraft:raw_iron":259,"minecraft:sandstone":2,"minecraft:oak_door":2,"minecraft:fire_charge":84,"minecraft:redstone":304,"minecraft:carrot":18,"minecraft:arrow":192,"minecraft:hay_block":11,"minecraft:tuff_bricks":11,"minecraft:white_wool":25,"minecraft:mutton":45,"minecraft:rail":178,"minecraft:stripped_oak_log":1,"minecraft:golden_carrot":1,"minecraft:leather":25,"minecraft:oak_log":402,"minecraft:gunpowder":7,"minecraft:white_banner":1,"minecraft:apple":7,"minecraft:iron_ingot":34,"minecraft:stone_pickaxe":1,"minecraft:oak_slab":7,"minecraft:smooth_basalt":10,"minecraft:quartz":59,"minecraft:dandelion":1,"minecraft:dripstone_block":3,"minecraft:gravel":6,"minecraft:white_bed":4,"minecraft:polished_tuff":22,"minecraft:spider_eye":2,"minecraft:gray_wool":2,"minecraft:baked_potato":2,"minecraft:coal":163},"minecraft:broken":{"minecraft:stone_pickaxe":1,"minecraft:stone_sword":1,"minecraft:wooden_pickaxe":1,"minecraft:iron_axe":2,"minecraft:iron_pickaxe":3,"minecraft:iron_helmet":1},"minecraft:dropped":{"minecraft:cooked_beef":1,"minecraft:baked_potato":1,"minecraft:dirt":34,"minecraft:wooden_sword":1,"minecraft:gold_ingot":4,"minecraft:oak_door":1,"minecraft:gravel":5,"minecraft:cobbled_deepslate":2,"minecraft:wheat":37,"minecraft:rotten_flesh":12,"minecraft:oak_planks":127,"minecraft:cooked_mutton":10,"minecraft:honey_bottle":5,"minecraft:leather_chestplate":1,"minecraft:gunpowder":2,"minecraft:lingering_potion":2,"minecraft:breeze_rod":5,"minecraft:arrow":6,"minecraft:golden_boots":1,"minecraft:bread":8,"minecraft:water_bucket":3,"minecraft:iron_ingot":12,"minecraft:wheat_seeds":21,"minecraft:dripstone_block":3,"minecraft:polished_tuff":22,"minecraft:golden_apple":3,"minecraft:coal":16,"minecraft:stick":6,"minecraft:torch":1,"minecraft:fire_charge":84,"minecraft:potion":1,"minecraft:iron_leggings":2,"minecraft:string":9,"minecraft:bucket":1,"minecraft:redstone":11,"minecraft:tuff":18,"minecraft:guster_banner_pattern":1,"minecraft:iron_boots":1,"minecraft:filled_map":1,"minecraft:shield":6,"minecraft:trial_key":9,"minecraft:iron_chestplate":6,"minecraft:andesite":1,"minecraft:oak_boat":2,"minecraft:bow":5,"minecraft:stone_pickaxe":1,"minecraft:calcite":1},"minecraft:killed":{"minecraft:cave_spider":15,"minecraft:witch":2,"minecraft:spider":6,"minecraft:skeleton":97,"minecraft:pig":34,"minecraft:creeper":3,"minecraft:sheep":31,"minecraft:trader_llama":2,"minecraft:pillager":2,"minecraft:zombie":55,"minecraft:stray":8,"minecraft:cow":19,"minecraft:husk":12,"minecraft:wandering_trader":1,"minecraft:breeze":7},"minecraft:used":{"minecraft:tuff_bricks":66,"minecraft:iron_shovel":171,"minecraft:chest":4,"minecraft:shield":93,"minecraft:iron_sword":251,"minecraft:rotten_flesh":1,"minecraft:iron_chestplate":1,"minecraft:carrot":15,"minecraft:tuff":11,"minecraft:iron_helmet":2,"minecraft:bow":49,"minecraft:furnace":4,"minecraft:egg":1,"minecraft:potato":31,"minecraft:diorite":8,"minecraft:powered_rail":39,"minecraft:stone_pickaxe":187,"minecraft:wooden_pickaxe":59,"minecraft:diamond_axe":2,"minecraft:sugar_cane":11,"minecraft:sand":3,"minecraft:lingering_potion":1,"minecraft:redstone_torch":6,"minecraft:bread":17,"minecraft:gravel":1,"minecraft:diamond_sword":397,"minecraft:wooden_sword":13,"minecraft:andesite":18,"minecraft:oak_boat":14,"minecraft:bone_meal":37,"minecraft:oak_fence":7,"minecraft:stone_sword":139,"minecraft:netherrack":47,"minecraft:trial_key":9,"minecraft:oak_door":2,"minecraft:torch":119,"minecraft:dirt":881,"minecraft:granite":10,"minecraft:iron_axe":693,"minecraft:iron_boots":3,"minecraft:smooth_basalt":10,"minecraft:light_gray_wool":2,"minecraft:minecart":5,"minecraft:cooked_beef":34,"minecraft:cobbled_deepslate":106,"minecraft:iron_leggings":2,"minecraft:wheat_seeds":2,"minecraft:cooked_mutton":29,"minecraft:water_bucket":35,"minecraft:baked_potato":16,"minecraft:rail":183,"minecraft:oak_slab":12,"minecraft:crafting_table":9,"minecraft:white_bed":5,"minecraft:cake":1,"minecraft:oak_log":8,"minecraft:diamond_pickaxe":33,"minecraft:oak_button":2,"minecraft:iron_pickaxe":1082,"minecraft:detector_rail":2,"minecraft:stone_axe":122,"minecraft:pink_petals":4,"minecraft:cobblestone":140,"minecraft:white_banner":1,"minecraft:cooked_porkchop":38,"minecraft:bucket":35,"minecraft:dandelion":1}},"DataVersion":3953}