{"stats":{"minecraft:used":{"minecraft:oak_fence":3,"minecraft:cooked_mutton":4,"minecraft:stone_sword":65,"minecraft:stone_pickaxe":126,"minecraft:shield":2,"minecraft:chest":1,"minecraft:wooden_pickaxe":59,"minecraft:dirt":41,"minecraft:crafting_table":4,"minecraft:carrot":1,"minecraft:white_bed":4,"minecraft:bread":9,"minecraft:iron_pickaxe":178,"minecraft:iron_helmet":1,"minecraft:iron_boots":1,"minecraft:stone_axe":19,"minecraft:wooden_sword":13,"minecraft:cobblestone":55,"minecraft:furnace":3,"minecraft:cooked_porkchop":4,"minecraft:andesite":8,"minecraft:cobbled_deepslate":39,"minecraft:potato":1,"minecraft:iron_leggings":1},"minecraft:picked_up":{"minecraft:crafting_table":4,"minecraft:andesite":8,"minecraft:leather":4,"minecraft:potato":1,"minecraft:tuff":7,"minecraft:oak_log":13,"minecraft:lapis_lazuli":181,"minecraft:string":2,"minecraft:dirt":41,"minecraft:bow":1,"minecraft:wheat_seeds":10,"minecraft:cobbled_deepslate":41,"minecraft:iron_ingot":5,"minecraft:beef":11,"minecraft:furnace":3,"minecraft:raw_iron":73,"minecraft:oak_fence":3,"minecraft:porkchop":9,"minecraft:white_bed":3,"minecraft:carrot":1,"minecraft:rotten_flesh":2,"minecraft:arrow":3,"minecraft:diamond":12,"minecraft:hay_block":11,"minecraft:emerald":2,"minecraft:mutton":5,"minecraft:coal":103,"minecraft:cobblestone":77,"minecraft:white_wool":3},"minecraft:dropped":{"minecraft:iron_ingot":2,"minecraft:wheat_seeds":9,"minecraft:wheat":35,"minecraft:oak_planks":7,"minecraft:wooden_sword":1},"minecraft:killed":{"minecraft:pig":4,"minecraft:spider":1,"minecraft:creeper":1,"minecraft:sheep":3,"minecraft:skeleton":1,"minecraft:zombie":6,"minecraft:cow":5},"minecraft:custom":{"minecraft:interact_with_furnace":20,"minecraft:mob_kills":24,"minecraft:interact_with_crafting_table":20,"minecraft:leave_game":2,"minecraft:time_since_death":125225,"minecraft:sleep_in_bed":3,"minecraft:time_since_rest":44919,"minecraft:sprint_one_cm":208099,"minecraft:damage_taken":871,"minecraft:walk_one_cm":244751,"minecraft:damage_blocked_by_shield":60,"minecraft:drop":14,"minecraft:damage_dealt":3168,"minecraft:swim_one_cm":3465,"minecraft:talked_to_villager":1,"minecraft:fly_one_cm":318710,"minecraft:open_chest":6,"minecraft:crouch_one_cm":33038,"minecraft:play_time":125225,"minecraft:sneak_time":12834,"minecraft:walk_under_water_one_cm":3490,"minecraft:jump":1929,"minecraft:walk_on_water_one_cm":4618,"minecraft:total_world_time":125225,"minecraft:fall_one_cm":58663},"minecraft:mined":{"minecraft:tuff":7,"minecraft:white_bed":3,"minecraft:deepslate_diamond_ore":12,"minecraft:oak_fence":3,"minecraft:crafting_table":4,"minecraft:short_grass":80,"minecraft:emerald_ore":1,"minecraft:grass_block":13,"minecraft:cobblestone":4,"minecraft:lapis_ore":9,"minecraft:hay_block":11,"minecraft:furnace":3,"minecraft:carrots":1,"minecraft:iron_ore":63,"minecraft:wheat":1,"minecraft:andesite":8,"minecraft:deepslate_lapis_ore":18,"minecraft:coal_ore":107,"minecraft:potatoes":1,"minecraft:oak_log":13,"minecraft:deepslate_iron_ore":13,"minecraft:dirt":32,"minecraft:cobweb":1,"minecraft:stone":73,"minecraft:deepslate_emerald_ore":1,"minecraft:deepslate":42,"minecraft:oak_leaves":1},"minecraft:crafted":{"minecraft:wooden_sword":1,"minecraft:oak_planks":52,"minecraft:cooked_porkchop":9,"minecraft:crafting_table":1,"minecraft:iron_helmet":1,"minecraft:wooden_pickaxe":1,"minecraft:furnace":1,"minecraft:stone_axe":1,"minecraft:bread":21,"minecraft:cooked_mutton":5,"minecraft:air":0,"minecraft:iron_boots":1,"minecraft:shield":1,"minecraft:stick":12,"minecraft:iron_ingot":17,"minecraft:iron_pickaxe":1,"minecraft:stone_pickaxe":1,"minecraft:stone_sword":1,"minecraft:iron_leggings":1,"minecraft:chest":1,"minecraft:white_bed":1,"minecraft:wheat":99},"minecraft:broken":{"minecraft:wooden_pickaxe":1}},"DataVersion":3953}