{"stats":{"minecraft:broken":{"minecraft:wooden_pickaxe":1,"minecraft:stone_pickaxe":1,"minecraft:iron_pickaxe":1},"minecraft:dropped":{"minecraft:iron_ingot":2,"minecraft:bread":1,"minecraft:wheat_seeds":17,"minecraft:dripstone_block":3,"minecraft:torch":1,"minecraft:wooden_sword":1,"minecraft:gravel":2,"minecraft:wheat":37,"minecraft:rotten_flesh":9,"minecraft:oak_planks":7,"minecraft:cooked_mutton":1,"minecraft:leather_chestplate":1,"minecraft:calcite":1},"minecraft:custom":{"minecraft:mob_kills":69,"minecraft:animals_bred":3,"minecraft:interact_with_crafting_table":35,"minecraft:leave_game":4,"minecraft:time_since_death":119854,"minecraft:climb_one_cm":1206,"minecraft:sprint_one_cm":523017,"minecraft:walk_one_cm":595112,"minecraft:damage_blocked_by_shield":415,"minecraft:drop":26,"minecraft:talked_to_villager":2,"minecraft:play_time":262438,"minecraft:deaths":1,"minecraft:sneak_time":17094,"minecraft:walk_under_water_one_cm":12709,"minecraft:jump":5593,"minecraft:walk_on_water_one_cm":12393,"minecraft:total_world_time":262438,"minecraft:interact_with_furnace":85,"minecraft:sleep_in_bed":9,"minecraft:time_since_rest":5693,"minecraft:damage_taken":2188,"minecraft:damage_dealt":10375,"minecraft:swim_one_cm":32347,"minecraft:fly_one_cm":1036926,"minecraft:open_chest":71,"minecraft:crouch_one_cm":44342,"minecraft:interact_with_smoker":9,"minecraft:fall_one_cm":175508},"minecraft:used":{"minecraft:oak_fence":6,"minecraft:stone_sword":74,"minecraft:chest":1,"minecraft:shield":19,"minecraft:iron_sword":131,"minecraft:rotten_flesh":1,"minecraft:iron_chestplate":1,"minecraft:torch":15,"minecraft:dirt":41,"minecraft:carrot":15,"minecraft:iron_helmet":2,"minecraft:iron_boots":2,"minecraft:smooth_basalt":10,"minecraft:light_gray_wool":1,"minecraft:furnace":3,"minecraft:cooked_beef":11,"minecraft:potato":31,"minecraft:cobbled_deepslate":42,"minecraft:iron_leggings":2,"minecraft:wheat_seeds":2,"minecraft:cooked_mutton":5,"minecraft:diorite":8,"minecraft:stone_pickaxe":143,"minecraft:baked_potato":3,"minecraft:wooden_pickaxe":59,"minecraft:crafting_table":4,"minecraft:white_bed":5,"minecraft:bread":17,"minecraft:iron_pickaxe":318,"minecraft:gravel":1,"minecraft:stone_axe":36,"minecraft:wooden_sword":13,"minecraft:cobblestone":87,"minecraft:cooked_porkchop":7,"minecraft:andesite":8,"minecraft:bone_meal":37},"minecraft:picked_up":{"minecraft:crafting_table":5,"minecraft:wheat":4,"minecraft:string":2,"minecraft:cobbled_deepslate":46,"minecraft:beef":29,"minecraft:calcite":1,"minecraft:iron_pickaxe":1,"minecraft:light_gray_wool":2,"minecraft:furnace":3,"minecraft:stick":5,"minecraft:raw_iron":135,"minecraft:oak_door":1,"minecraft:oak_fence":6,"minecraft:porkchop":13,"minecraft:diorite":8,"minecraft:carrot":18,"minecraft:redstone":6,"minecraft:stone_sword":1,"minecraft:arrow":10,"minecraft:rotten_flesh":12,"minecraft:hay_block":11,"minecraft:mutton":12,"minecraft:cobblestone":111,"minecraft:white_wool":5,"minecraft:andesite":8,"minecraft:leather":8,"minecraft:potato":51,"minecraft:tuff":7,"minecraft:oak_log":30,"minecraft:dirt":41,"minecraft:lapis_lazuli":338,"minecraft:bone":13,"minecraft:bow":2,"minecraft:wheat_seeds":25,"minecraft:stone_pickaxe":1,"minecraft:iron_ingot":5,"minecraft:smooth_basalt":10,"minecraft:gravel":3,"minecraft:dripstone_block":3,"minecraft:white_bed":4,"minecraft:diamond":34,"minecraft:granite":1,"minecraft:gray_wool":1,"minecraft:emerald":2,"minecraft:coal":144},"minecraft:crafted":{"minecraft:wooden_sword":1,"minecraft:oak_planks":120,"minecraft:furnace":1,"minecraft:bone_meal":39,"minecraft:cooked_mutton":12,"minecraft:iron_boots":2,"minecraft:stone_pickaxe":1,"minecraft:chest":1,"minecraft:wheat":99,"minecraft:cooked_beef":18,"minecraft:cooked_porkchop":13,"minecraft:crafting_table":1,"minecraft:wooden_pickaxe":1,"minecraft:baked_potato":20,"minecraft:iron_helmet":2,"minecraft:iron_sword":1,"minecraft:stone_axe":1,"minecraft:bread":28,"minecraft:air":0,"minecraft:iron_chestplate":1,"minecraft:shield":2,"minecraft:stick":36,"minecraft:iron_ingot":110,"minecraft:iron_pickaxe":2,"minecraft:stone_sword":1,"minecraft:iron_leggings":2,"minecraft:white_bed":1,"minecraft:torch":80},"minecraft:killed":{"minecraft:witch":1,"minecraft:spider":2,"minecraft:skeleton":14,"minecraft:pig":7,"minecraft:creeper":1,"minecraft:sheep":8,"minecraft:zombie":20,"minecraft:cow":10},"minecraft:mined":{"minecraft:tuff":7,"minecraft:white_bed":4,"minecraft:deepslate_diamond_ore":20,"minecraft:oak_door":1,"minecraft:grass_block":13,"minecraft:hay_block":11,"minecraft:furnace":3,"minecraft:carrots":12,"minecraft:iron_ore":98,"minecraft:cobbled_deepslate":4,"minecraft:andesite":8,"minecraft:deepslate_lapis_ore":23,"minecraft:potatoes":24,"minecraft:deepslate_iron_ore":17,"minecraft:stone":105,"minecraft:oak_fence":5,"minecraft:crafting_table":4,"minecraft:short_grass":115,"minecraft:emerald_ore":1,"minecraft:calcite":4,"minecraft:tall_grass":3,"minecraft:cobblestone":4,"minecraft:lapis_ore":9,"minecraft:diorite":7,"minecraft:amethyst_block":3,"minecraft:wheat":8,"minecraft:oak_log":30,"minecraft:coal_ore":148,"minecraft:gravel":3,"minecraft:dirt":32,"minecraft:cobweb":1,"minecraft:smooth_basalt":10,"minecraft:oak_leaves":2,"minecraft:deepslate_emerald_ore":1,"minecraft:deepslate":42}},"DataVersion":3953}