{"stats":{"minecraft:dropped":{"minecraft:iron_sword":1,"minecraft:lapis_lazuli":128,"minecraft:glow_ink_sac":1,"minecraft:diamond":14,"minecraft:crafting_table":1,"minecraft:polished_tuff":2,"minecraft:granite":10,"minecraft:dirt":1,"minecraft:diorite":4,"minecraft:iron_pickaxe":2,"minecraft:string":6,"minecraft:stone_sword":2,"minecraft:cobbled_deepslate":1,"minecraft:tuff":7,"minecraft:raw_iron":23,"minecraft:rotten_flesh":6,"minecraft:cooked_mutton":1,"minecraft:honey_bottle":1,"minecraft:tipped_arrow":6,"minecraft:shield":2,"minecraft:trial_key":3,"minecraft:iron_chestplate":3,"minecraft:arrow":10,"minecraft:wooden_pickaxe":1,"minecraft:beef":11,"minecraft:bow":3,"minecraft:stone_pickaxe":2,"minecraft:waxed_oxidized_copper_grate":6},"minecraft:custom":{"minecraft:mob_kills":78,"minecraft:interact_with_crafting_table":39,"minecraft:open_barrel":3,"minecraft:eat_cake_slice":3,"minecraft:leave_game":5,"minecraft:time_since_death":212135,"minecraft:climb_one_cm":1608,"minecraft:sprint_one_cm":684837,"minecraft:walk_one_cm":531008,"minecraft:damage_blocked_by_shield":1420,"minecraft:drop":40,"minecraft:talked_to_villager":4,"minecraft:play_time":212135,"minecraft:sneak_time":23311,"minecraft:walk_under_water_one_cm":33878,"minecraft:jump":4165,"minecraft:interact_with_blast_furnace":17,"minecraft:walk_on_water_one_cm":57744,"minecraft:total_world_time":212135,"minecraft:interact_with_furnace":44,"minecraft:sleep_in_bed":7,"minecraft:time_since_rest":71741,"minecraft:damage_taken":2397,"minecraft:damage_dealt":13003,"minecraft:swim_one_cm":23901,"minecraft:fly_one_cm":767340,"minecraft:open_chest":58,"minecraft:crouch_one_cm":54984,"minecraft:interact_with_smoker":10,"minecraft:fall_one_cm":100382,"minecraft:inspect_dispenser":19},"minecraft:crafted":{"minecraft:oak_planks":104,"minecraft:stone_shovel":1,"minecraft:furnace":1,"minecraft:iron_boots":1,"minecraft:stone_pickaxe":4,"minecraft:chest":6,"minecraft:cooked_beef":13,"minecraft:cooked_porkchop":15,"minecraft:crafting_table":2,"minecraft:wooden_pickaxe":1,"minecraft:iron_helmet":1,"minecraft:iron_sword":1,"minecraft:bucket":1,"minecraft:stone_axe":2,"minecraft:bread":11,"minecraft:air":0,"minecraft:iron_chestplate":1,"minecraft:diamond_pickaxe":1,"minecraft:shield":1,"minecraft:stick":52,"minecraft:iron_ingot":130,"minecraft:iron_pickaxe":2,"minecraft:stone_sword":2,"minecraft:iron_leggings":1,"minecraft:iron_shovel":2,"minecraft:gold_ingot":5,"minecraft:torch":60},"minecraft:used":{"minecraft:stone_sword":153,"minecraft:iron_shovel":500,"minecraft:stone_shovel":132,"minecraft:chest":6,"minecraft:shield":36,"minecraft:iron_sword":168,"minecraft:trial_key":1,"minecraft:torch":47,"minecraft:dirt":17,"minecraft:carrot":5,"minecraft:tuff":2,"minecraft:granite":4,"minecraft:smooth_basalt":2,"minecraft:furnace":9,"minecraft:cooked_beef":13,"minecraft:cobbled_deepslate":195,"minecraft:pointed_dripstone":1,"minecraft:wheat_seeds":2,"minecraft:water_bucket":52,"minecraft:diorite":5,"minecraft:baked_potato":3,"minecraft:stone_pickaxe":507,"minecraft:wooden_pickaxe":3,"minecraft:crafting_table":13,"minecraft:white_bed":2,"minecraft:lingering_potion":3,"minecraft:diamond_pickaxe":41,"minecraft:wind_charge":1,"minecraft:iron_pickaxe":424,"minecraft:chiseled_tuff_bricks":1,"minecraft:stone_axe":44,"minecraft:cobblestone":179,"minecraft:cooked_porkchop":19,"minecraft:bucket":52,"minecraft:andesite":8},"minecraft:killed":{"minecraft:spider":2,"minecraft:skeleton":17,"minecraft:pig":8,"minecraft:iron_golem":1,"minecraft:creeper":1,"minecraft:zombie":37,"minecraft:breeze":1,"minecraft:villager":1,"minecraft:cow":7},"minecraft:broken":{"minecraft:iron_shovel":2,"minecraft:stone_pickaxe":3,"minecraft:stone_shovel":1},"minecraft:picked_up":{"minecraft:lingering_potion":1,"minecraft:iron_chestplate":4,"minecraft:crafting_table":13,"minecraft:wheat":35,"minecraft:shield":2,"minecraft:brick":26,"minecraft:wind_charge":6,"minecraft:string":10,"minecraft:cartography_table":1,"minecraft:cobbled_deepslate":259,"minecraft:beef":24,"minecraft:trial_key":5,"minecraft:iron_pickaxe":1,"minecraft:lectern":1,"minecraft:furnace":9,"minecraft:tipped_arrow":12,"minecraft:stick":1,"minecraft:raw_iron":110,"minecraft:torch":20,"minecraft:porkchop":15,"minecraft:flow_pottery_sherd":1,"minecraft:waxed_copper_grate":2,"minecraft:pointed_dripstone":1,"minecraft:diorite":9,"minecraft:carrot":5,"minecraft:redstone":8,"minecraft:cauldron":1,"minecraft:honey_bottle":1,"minecraft:stone_sword":2,"minecraft:arrow":25,"minecraft:rotten_flesh":40,"minecraft:tuff_bricks":96,"minecraft:obsidian":14,"minecraft:cobblestone":263,"minecraft:rail":1,"minecraft:glow_ink_sac":1,"minecraft:andesite":8,"minecraft:leather":7,"minecraft:waxed_copper_bulb":1,"minecraft:tuff":20,"minecraft:oak_log":26,"minecraft:lapis_lazuli":114,"minecraft:dirt":446,"minecraft:cooked_mutton":1,"minecraft:bone":10,"minecraft:bow":4,"minecraft:wheat_seeds":7,"minecraft:raw_gold":5,"minecraft:stone_pickaxe":1,"minecraft:grindstone":1,"minecraft:iron_ingot":10,"minecraft:oak_planks":7,"minecraft:iron_sword":1,"minecraft:book":12,"minecraft:smooth_basalt":2,"minecraft:cooked_porkchop":4,"minecraft:white_bed":2,"minecraft:polished_tuff":2,"minecraft:diamond":30,"minecraft:stone_axe":1,"minecraft:waxed_oxidized_copper_grate":6,"minecraft:breeze_rod":4,"minecraft:granite":14,"minecraft:emerald":9,"minecraft:baked_potato":6,"minecraft:oak_sapling":1,"minecraft:coal":321,"minecraft:chiseled_tuff_bricks":2},"minecraft:mined":{"minecraft:tuff":13,"minecraft:white_bed":2,"minecraft:deepslate_diamond_ore":14,"minecraft:obsidian":15,"minecraft:potted_dead_bush":2,"minecraft:granite":18,"minecraft:grass_block":275,"minecraft:decorated_pot":8,"minecraft:chiseled_tuff_bricks":6,"minecraft:cartography_table":1,"minecraft:tuff_bricks":99,"minecraft:furnace":9,"minecraft:carrots":1,"minecraft:iron_ore":46,"minecraft:cobbled_deepslate":15,"minecraft:fire":1,"minecraft:polished_tuff":8,"minecraft:waxed_oxidized_copper_bulb":1,"minecraft:andesite":8,"minecraft:bookshelf":4,"minecraft:water_cauldron":1,"minecraft:deepslate_iron_ore":24,"minecraft:stone":251,"minecraft:crafting_table":12,"minecraft:torch":12,"minecraft:short_grass":88,"minecraft:lectern":1,"minecraft:tall_grass":1,"minecraft:cobblestone":9,"minecraft:lapis_ore":5,"minecraft:deepslate_gold_ore":4,"minecraft:grindstone":1,"minecraft:diorite":13,"minecraft:wall_torch":7,"minecraft:waxed_copper_bulb":1,"minecraft:light_gray_stained_glass":2,"minecraft:waxed_oxidized_copper_grate":6,"minecraft:wheat":1,"minecraft:waxed_copper_block":4,"minecraft:oak_log":26,"minecraft:coal_ore":113,"minecraft:flower_pot":1,"minecraft:waxed_oxidized_copper":1,"minecraft:gravel":2,"minecraft:dirt":393,"minecraft:smooth_basalt":2,"minecraft:oak_button":1,"minecraft:gold_ore":1,"minecraft:oak_leaves":13,"minecraft:deepslate":267}},"DataVersion":3953}