{"stats":{"minecraft:custom":{"minecraft:mob_kills":124,"minecraft:interact_with_crafting_table":58,"minecraft:open_barrel":5,"minecraft:eat_cake_slice":3,"minecraft:leave_game":8,"minecraft:time_since_death":390049,"minecraft:climb_one_cm":12335,"minecraft:sprint_one_cm":1258698,"minecraft:walk_one_cm":1070633,"minecraft:damage_blocked_by_shield":2290,"minecraft:drop":103,"minecraft:talked_to_villager":50,"minecraft:play_time":390049,"minecraft:sneak_time":29080,"minecraft:walk_under_water_one_cm":83980,"minecraft:boat_one_cm":20321,"minecraft:jump":8041,"minecraft:interact_with_blast_furnace":23,"minecraft:walk_on_water_one_cm":117795,"minecraft:total_world_time":390049,"minecraft:interact_with_furnace":44,"minecraft:traded_with_villager":1,"minecraft:sleep_in_bed":13,"minecraft:time_since_rest":4693,"minecraft:damage_taken":4757,"minecraft:minecart_one_cm":113560,"minecraft:damage_dealt":21372,"minecraft:swim_one_cm":95380,"minecraft:fly_one_cm":1522629,"minecraft:open_chest":116,"minecraft:crouch_one_cm":76180,"minecraft:interact_with_smoker":14,"minecraft:fall_one_cm":191645,"minecraft:inspect_dispenser":32},"minecraft:crafted":{"minecraft:oak_planks":104,"minecraft:stone_shovel":1,"minecraft:furnace":1,"minecraft:iron_boots":3,"minecraft:stone_pickaxe":4,"minecraft:chest":6,"minecraft:oak_button":2,"minecraft:rail":240,"minecraft:minecart":1,"minecraft:wheat":81,"minecraft:cooked_beef":13,"minecraft:oak_slab":12,"minecraft:emerald":9,"minecraft:cooked_porkchop":15,"minecraft:crafting_table":2,"minecraft:wooden_pickaxe":1,"minecraft:iron_helmet":2,"minecraft:iron_sword":1,"minecraft:bucket":1,"minecraft:stone_axe":2,"minecraft:enchanted_book":1,"minecraft:bread":38,"minecraft:air":0,"minecraft:iron_chestplate":1,"minecraft:diamond_pickaxe":1,"minecraft:shield":1,"minecraft:stick":100,"minecraft:iron_ingot":130,"minecraft:iron_pickaxe":4,"minecraft:stone_sword":2,"minecraft:iron_shovel":2,"minecraft:iron_leggings":2,"minecraft:gold_ingot":5,"minecraft:redstone_torch":11,"minecraft:torch":60},"minecraft:mined":{"minecraft:tuff":17,"minecraft:white_bed":3,"minecraft:deepslate_diamond_ore":30,"minecraft:obsidian":15,"minecraft:potted_dead_bush":2,"minecraft:granite":18,"minecraft:grass_block":287,"minecraft:decorated_pot":16,"minecraft:chiseled_tuff_bricks":6,"minecraft:cartography_table":1,"minecraft:tuff_bricks":106,"minecraft:hay_block":9,"minecraft:redstone_ore":1,"minecraft:furnace":9,"minecraft:carrots":1,"minecraft:waxed_copper_grate":1,"minecraft:iron_ore":47,"minecraft:fire":1,"minecraft:cobbled_deepslate":19,"minecraft:polished_tuff":8,"minecraft:waxed_oxidized_copper_bulb":1,"minecraft:andesite":11,"minecraft:bookshelf":4,"minecraft:dirt_path":6,"minecraft:water_cauldron":5,"minecraft:deepslate_iron_ore":29,"minecraft:rail":69,"minecraft:stone":291,"minecraft:deepslate_redstone_ore":21,"minecraft:oak_fence":17,"minecraft:crafting_table":15,"minecraft:torch":13,"minecraft:short_grass":97,"minecraft:lectern":22,"minecraft:tall_grass":4,"minecraft:cobblestone":16,"minecraft:deepslate_gold_ore":31,"minecraft:lapis_ore":6,"minecraft:grindstone":1,"minecraft:diorite":13,"minecraft:wall_torch":7,"minecraft:waxed_copper_bulb":1,"minecraft:light_gray_stained_glass":2,"minecraft:waxed_oxidized_copper_grate":6,"minecraft:wheat":1,"minecraft:waxed_copper_block":5,"minecraft:oak_log":26,"minecraft:coal_ore":113,"minecraft:gravel":3,"minecraft:dirt":438,"minecraft:waxed_oxidized_copper":1,"minecraft:flower_pot":1,"minecraft:cobweb":5,"minecraft:smooth_basalt":2,"minecraft:oak_button":1,"minecraft:gold_ore":1,"minecraft:deepslate":279,"minecraft:oak_leaves":13},"minecraft:picked_up":{"minecraft:lingering_potion":1,"minecraft:crafting_table":16,"minecraft:iron_chestplate":8,"minecraft:wheat":35,"minecraft:chest_minecart":1,"minecraft:potion":2,"minecraft:enchanted_book":1,"minecraft:shield":4,"minecraft:brick":62,"minecraft:wind_charge":9,"minecraft:string":12,"minecraft:iron_axe":2,"minecraft:iron_leggings":4,"minecraft:cartography_table":1,"minecraft:cobbled_deepslate":282,"minecraft:beef":24,"minecraft:trial_key":31,"minecraft:oak_boat":20,"minecraft:redstone_torch":2,"minecraft:iron_pickaxe":1,"minecraft:minecart":3,"minecraft:lectern":22,"minecraft:iron_boots":2,"minecraft:furnace":9,"minecraft:tipped_arrow":21,"minecraft:stick":1,"minecraft:raw_iron":116,"minecraft:oak_fence":15,"minecraft:torch":22,"minecraft:porkchop":15,"minecraft:flow_pottery_sherd":1,"minecraft:waxed_copper_grate":2,"minecraft:pointed_dripstone":1,"minecraft:diorite":9,"minecraft:carrot":5,"minecraft:redstone":117,"minecraft:cauldron":5,"minecraft:stone_sword":2,"minecraft:arrow":49,"minecraft:honey_bottle":1,"minecraft:rotten_flesh":60,"minecraft:hay_block":9,"minecraft:tuff_bricks":96,"minecraft:obsidian":14,"minecraft:rail":70,"minecraft:cobblestone":308,"minecraft:golden_carrot":2,"minecraft:glow_ink_sac":1,"minecraft:water_bucket":1,"minecraft:andesite":11,"minecraft:leather":7,"minecraft:waxed_copper_bulb":1,"minecraft:tuff":23,"minecraft:oak_log":27,"minecraft:gunpowder":6,"minecraft:lapis_lazuli":118,"minecraft:dirt":510,"minecraft:cooked_mutton":10,"minecraft:bone":44,"minecraft:apple":1,"minecraft:bow":7,"minecraft:wheat_seeds":11,"minecraft:raw_gold":34,"minecraft:iron_ingot":30,"minecraft:grindstone":1,"minecraft:stone_pickaxe":1,"minecraft:cooked_chicken":3,"minecraft:guster_banner_pattern":1,"minecraft:iron_sword":1,"minecraft:oak_planks":131,"minecraft:book":12,"minecraft:smooth_basalt":2,"minecraft:emerald_block":1,"minecraft:cooked_porkchop":4,"minecraft:dandelion":2,"minecraft:white_bed":3,"minecraft:grass_block":1,"minecraft:spider_eye":2,"minecraft:polished_tuff":2,"minecraft:pumpkin_seeds":4,"minecraft:diamond":56,"minecraft:stone_axe":2,"minecraft:waxed_oxidized_copper_grate":6,"minecraft:iron_helmet":3,"minecraft:granite":14,"minecraft:crossbow":2,"minecraft:breeze_rod":9,"minecraft:golden_apple":2,"minecraft:bread":9,"minecraft:emerald":17,"minecraft:baked_potato":12,"minecraft:oak_sapling":1,"minecraft:coal":329,"minecraft:chiseled_tuff_bricks":4,"minecraft:ender_pearl":1},"minecraft:broken":{"minecraft:iron_shovel":2,"minecraft:stone_pickaxe":3,"minecraft:stone_shovel":1},"minecraft:dropped":{"minecraft:water_bucket":1,"minecraft:iron_sword":1,"minecraft:wheat_seeds":3,"minecraft:lapis_lazuli":128,"minecraft:glow_ink_sac":1,"minecraft:diamond":14,"minecraft:crafting_table":1,"minecraft:crossbow":1,"minecraft:iron_helmet":4,"minecraft:polished_tuff":2,"minecraft:granite":10,"minecraft:rail":90,"minecraft:grass_block":1,"minecraft:dirt":1,"minecraft:diorite":4,"minecraft:iron_leggings":5,"minecraft:iron_axe":2,"minecraft:iron_pickaxe":2,"minecraft:string":8,"minecraft:dandelion":2,"minecraft:redstone":3,"minecraft:bone":8,"minecraft:furnace":1,"minecraft:stone_axe":2,"minecraft:chiseled_tuff_bricks":3,"minecraft:stone_sword":2,"minecraft:cobbled_deepslate":6,"minecraft:tuff":10,"minecraft:guster_banner_pattern":1,"minecraft:raw_iron":23,"minecraft:rotten_flesh":24,"minecraft:oak_planks":30,"minecraft:iron_boots":4,"minecraft:cooked_mutton":1,"minecraft:honey_bottle":1,"minecraft:pumpkin_seeds":4,"minecraft:tipped_arrow":7,"minecraft:shield":4,"minecraft:trial_key":14,"minecraft:iron_chestplate":7,"minecraft:spider_eye":2,"minecraft:bow":4,"minecraft:arrow":19,"minecraft:beef":11,"minecraft:stone_pickaxe":2,"minecraft:wooden_pickaxe":1,"minecraft:waxed_oxidized_copper_grate":6,"minecraft:brick":62},"minecraft:killed":{"minecraft:cave_spider":4,"minecraft:spider":7,"minecraft:skeleton":33,"minecraft:husk":4,"minecraft:pig":8,"minecraft:iron_golem":1,"minecraft:creeper":6,"minecraft:zombie":48,"minecraft:breeze":1,"minecraft:villager":1,"minecraft:cow":7},"minecraft:used":{"minecraft:beetroot":1,"minecraft:oak_fence":5,"minecraft:stone_sword":153,"minecraft:iron_shovel":500,"minecraft:stone_shovel":132,"minecraft:chest":6,"minecraft:shield":64,"minecraft:iron_sword":329,"minecraft:cooked_chicken":3,"minecraft:trial_key":8,"minecraft:torch":50,"minecraft:dirt":88,"minecraft:carrot":5,"minecraft:tuff":2,"minecraft:granite":4,"minecraft:iron_axe":59,"minecraft:smooth_basalt":2,"minecraft:bow":7,"minecraft:furnace":9,"minecraft:minecart":3,"minecraft:cooked_beef":13,"minecraft:cobbled_deepslate":237,"minecraft:pointed_dripstone":1,"minecraft:iron_leggings":2,"minecraft:wheat_seeds":2,"minecraft:cooked_mutton":9,"minecraft:water_bucket":103,"minecraft:diorite":5,"minecraft:baked_potato":12,"minecraft:stone_pickaxe":507,"minecraft:ender_pearl":1,"minecraft:wooden_pickaxe":3,"minecraft:rail":236,"minecraft:oak_slab":6,"minecraft:crafting_table":17,"minecraft:white_bed":3,"minecraft:lingering_potion":3,"minecraft:redstone_torch":13,"minecraft:oak_log":1,"minecraft:diamond_pickaxe":41,"minecraft:iron_pickaxe":658,"minecraft:wind_charge":1,"minecraft:bread":40,"minecraft:oak_button":2,"minecraft:lectern":22,"minecraft:stone_axe":44,"minecraft:chiseled_tuff_bricks":1,"minecraft:cobblestone":281,"minecraft:andesite":11,"minecraft:cooked_porkchop":19,"minecraft:bucket":104,"minecraft:oak_boat":18,"minecraft:chest_minecart":1}},"DataVersion":3953}