{"stats":{"minecraft:used":{"minecraft:wheat_seeds":2,"minecraft:stone_sword":48,"minecraft:stone_pickaxe":128,"minecraft:chest":5,"minecraft:wooden_pickaxe":3,"minecraft:dirt":6,"minecraft:crafting_table":4,"minecraft:white_bed":2,"minecraft:stone_axe":23,"minecraft:cobblestone":16,"minecraft:furnace":4,"minecraft:cooked_porkchop":5},"minecraft:picked_up":{"minecraft:crafting_table":3,"minecraft:wheat":35,"minecraft:leather":5,"minecraft:oak_log":16,"minecraft:dirt":6,"minecraft:string":2,"minecraft:wheat_seeds":2,"minecraft:cartography_table":1,"minecraft:beef":7,"minecraft:grindstone":1,"minecraft:iron_ingot":2,"minecraft:lectern":1,"minecraft:furnace":4,"minecraft:book":12,"minecraft:raw_iron":13,"minecraft:porkchop":15,"minecraft:white_bed":2,"minecraft:cauldron":1,"minecraft:stone_sword":1,"minecraft:granite":1,"minecraft:oak_sapling":1,"minecraft:coal":79,"minecraft:cobblestone":56},"minecraft:dropped":{"minecraft:stone_sword":1},"minecraft:killed":{"minecraft:pig":8,"minecraft:spider":1,"minecraft:iron_golem":1,"minecraft:villager":1,"minecraft:cow":3},"minecraft:custom":{"minecraft:interact_with_furnace":8,"minecraft:mob_kills":14,"minecraft:interact_with_crafting_table":8,"minecraft:time_since_death":35496,"minecraft:sleep_in_bed":2,"minecraft:time_since_rest":8919,"minecraft:sprint_one_cm":132053,"minecraft:damage_taken":292,"minecraft:walk_one_cm":91223,"minecraft:drop":1,"minecraft:damage_dealt":2422,"minecraft:swim_one_cm":555,"minecraft:talked_to_villager":1,"minecraft:fly_one_cm":223418,"minecraft:open_chest":12,"minecraft:crouch_one_cm":10017,"minecraft:play_time":35496,"minecraft:sneak_time":3783,"minecraft:walk_under_water_one_cm":1413,"minecraft:jump":938,"minecraft:walk_on_water_one_cm":678,"minecraft:total_world_time":35496,"minecraft:fall_one_cm":26541},"minecraft:mined":{"minecraft:white_bed":2,"minecraft:crafting_table":3,"minecraft:granite":1,"minecraft:short_grass":15,"minecraft:grass_block":3,"minecraft:lectern":1,"minecraft:tall_grass":1,"minecraft:cobblestone":8,"minecraft:grindstone":1,"minecraft:cartography_table":1,"minecraft:furnace":4,"minecraft:iron_ore":13,"minecraft:wheat":1,"minecraft:bookshelf":4,"minecraft:coal_ore":54,"minecraft:oak_log":16,"minecraft:water_cauldron":1,"minecraft:dirt":3,"minecraft:stone":47,"minecraft:oak_leaves":11},"minecraft:crafted":{"minecraft:cooked_beef":7,"minecraft:oak_planks":64,"minecraft:cooked_porkchop":10,"minecraft:crafting_table":1,"minecraft:wooden_pickaxe":1,"minecraft:furnace":1,"minecraft:stone_axe":1,"minecraft:bread":11,"minecraft:air":0,"minecraft:stick":20,"minecraft:stone_pickaxe":1,"minecraft:stone_sword":1,"minecraft:chest":5}},"DataVersion":3953}