{"stats":{"minecraft:custom":{"minecraft:interact_with_crafting_table":81,"minecraft:open_barrel":5,"minecraft:bell_ring":15,"minecraft:eat_cake_slice":3,"minecraft:leave_game":12,"minecraft:time_since_death":548099,"minecraft:sprint_one_cm":1620956,"minecraft:damage_blocked_by_shield":2290,"minecraft:drop":149,"minecraft:talked_to_villager":147,"minecraft:play_time":548099,"minecraft:jump":10752,"minecraft:walk_on_water_one_cm":125097,"minecraft:interact_with_furnace":87,"minecraft:traded_with_villager":165,"minecraft:sleep_in_bed":24,"minecraft:damage_dealt":23332,"minecraft:crouch_one_cm":135848,"minecraft:interact_with_smoker":29,"minecraft:inspect_dispenser":32,"minecraft:mob_kills":136,"minecraft:interact_with_anvil":4,"minecraft:climb_one_cm":22091,"minecraft:walk_one_cm":1551568,"minecraft:sneak_time":40322,"minecraft:walk_under_water_one_cm":86930,"minecraft:boat_one_cm":56573,"minecraft:interact_with_blast_furnace":33,"minecraft:total_world_time":548099,"minecraft:time_since_rest":655,"minecraft:damage_taken":5079,"minecraft:minecart_one_cm":162762,"minecraft:swim_one_cm":110641,"minecraft:fly_one_cm":2185122,"minecraft:open_chest":227,"minecraft:fall_one_cm":255864},"minecraft:crafted":{"minecraft:oak_planks":1428,"minecraft:cooked_mutton":3,"minecraft:glass":261,"minecraft:diamond_helmet":1,"minecraft:diamond_leggings":1,"minecraft:iron_boots":3,"minecraft:chest":6,"minecraft:oak_button":2,"minecraft:rail":240,"minecraft:oak_slab":12,"minecraft:arrow":192,"minecraft:emerald":160,"minecraft:cooked_porkchop":24,"minecraft:diamond_axe":1,"minecraft:crafting_table":3,"minecraft:spruce_planks":876,"minecraft:wooden_pickaxe":1,"minecraft:iron_helmet":2,"minecraft:fletching_table":8,"minecraft:iron_chestplate":1,"minecraft:diamond_pickaxe":1,"minecraft:shield":1,"minecraft:stick":4622,"minecraft:iron_ingot":132,"minecraft:iron_pickaxe":5,"minecraft:iron_block":3,"minecraft:stone_sword":2,"minecraft:gold_ingot":35,"minecraft:redstone_torch":11,"minecraft:stone_shovel":1,"minecraft:iron_nugget":18,"minecraft:furnace":1,"minecraft:bone_meal":207,"minecraft:oak_trapdoor":2,"minecraft:iron_axe":2,"minecraft:spruce_slab":12,"minecraft:stone_pickaxe":4,"minecraft:diamond_boots":1,"minecraft:minecart":1,"minecraft:wheat":81,"minecraft:cooked_beef":13,"minecraft:diamond_sword":1,"minecraft:iron_sword":1,"minecraft:bucket":1,"minecraft:stone_axe":2,"minecraft:enchanted_book":2,"minecraft:bread":38,"minecraft:air":0,"minecraft:iron_shovel":4,"minecraft:iron_leggings":2,"minecraft:anvil":1,"minecraft:torch":60,"minecraft:diamond_chestplate":1},"minecraft:mined":{"minecraft:white_bed":3,"minecraft:obsidian":15,"minecraft:potted_dead_bush":2,"minecraft:granite":18,"minecraft:grass_block":381,"minecraft:chiseled_tuff_bricks":6,"minecraft:composter":4,"minecraft:tuff_bricks":106,"minecraft:iron_ore":47,"minecraft:cobbled_deepslate":19,"minecraft:fire":2,"minecraft:polished_tuff":8,"minecraft:waxed_oxidized_copper_bulb":1,"minecraft:fletching_table":12,"minecraft:water_cauldron":5,"minecraft:dirt_path":36,"minecraft:deepslate_redstone_ore":21,"minecraft:smoker":3,"minecraft:torch":13,"minecraft:blast_furnace":2,"minecraft:chest":2,"minecraft:glass":1,"minecraft:nether_quartz_ore":10,"minecraft:cobblestone":16,"minecraft:grindstone":1,"minecraft:sugar_cane":1,"minecraft:wall_torch":8,"minecraft:waxed_copper_bulb":1,"minecraft:light_gray_stained_glass":2,"minecraft:wheat":1,"minecraft:waxed_copper_block":5,"minecraft:oak_log":69,"minecraft:waxed_oxidized_copper":1,"minecraft:sand":332,"minecraft:dirt":662,"minecraft:smooth_basalt":2,"minecraft:netherrack":40,"minecraft:oak_leaves":13,"minecraft:deepslate":279,"minecraft:nether_gold_ore":17,"minecraft:tuff":17,"minecraft:deepslate_diamond_ore":30,"minecraft:ladder":10,"minecraft:decorated_pot":16,"minecraft:spruce_leaves":21,"minecraft:cartography_table":1,"minecraft:hay_block":9,"minecraft:redstone_ore":1,"minecraft:furnace":9,"minecraft:carrots":1,"minecraft:waxed_copper_grate":1,"minecraft:andesite":184,"minecraft:bookshelf":4,"minecraft:deepslate_iron_ore":29,"minecraft:rail":69,"minecraft:stone":464,"minecraft:oak_slab":6,"minecraft:oak_fence":17,"minecraft:crafting_table":15,"minecraft:short_grass":142,"minecraft:lectern":22,"minecraft:tall_grass":36,"minecraft:lapis_ore":6,"minecraft:deepslate_gold_ore":31,"minecraft:diorite":13,"minecraft:waxed_oxidized_copper_grate":6,"minecraft:spruce_log":221,"minecraft:coal_ore":113,"minecraft:flower_pot":1,"minecraft:gravel":122,"minecraft:cobweb":5,"minecraft:oak_button":1,"minecraft:gold_ore":1},"minecraft:picked_up":{"minecraft:iron_chestplate":8,"minecraft:wheat":35,"minecraft:potion":2,"minecraft:enchanted_book":1,"minecraft:nether_brick":3,"minecraft:string":12,"minecraft:iron_leggings":4,"minecraft:gold_nugget":70,"minecraft:cobbled_deepslate":282,"minecraft:trial_key":31,"minecraft:redstone_torch":2,"minecraft:iron_pickaxe":1,"minecraft:iron_boots":2,"minecraft:furnace":9,"minecraft:tipped_arrow":21,"minecraft:stick":38,"minecraft:composter":3,"minecraft:oak_fence":15,"minecraft:torch":23,"minecraft:porkchop":24,"minecraft:diorite":9,"minecraft:waxed_copper_grate":2,"minecraft:pointed_dripstone":1,"minecraft:cauldron":5,"minecraft:stone_sword":2,"minecraft:rotten_flesh":62,"minecraft:honey_bottle":1,"minecraft:obsidian":14,"minecraft:cobblestone":672,"minecraft:water_bucket":1,"minecraft:andesite":183,"minecraft:smoker":3,"minecraft:flint":13,"minecraft:tuff":23,"minecraft:lapis_lazuli":118,"minecraft:dirt":865,"minecraft:bone":45,"minecraft:bow":7,"minecraft:wheat_seeds":14,"minecraft:raw_gold":34,"minecraft:grindstone":1,"minecraft:guster_banner_pattern":1,"minecraft:fletching_table":12,"minecraft:oak_planks":237,"minecraft:cooked_porkchop":4,"minecraft:sand":332,"minecraft:grass_block":1,"minecraft:spectral_arrow":7,"minecraft:diamond":56,"minecraft:waxed_oxidized_copper_grate":6,"minecraft:granite":14,"minecraft:crossbow":2,"minecraft:breeze_rod":9,"minecraft:golden_apple":2,"minecraft:emerald":17,"minecraft:bread":9,"minecraft:oak_sapling":1,"minecraft:netherrack":43,"minecraft:lingering_potion":1,"minecraft:crafting_table":16,"minecraft:ladder":10,"minecraft:chest_minecart":1,"minecraft:brick":62,"minecraft:shield":4,"minecraft:wind_charge":9,"minecraft:iron_axe":2,"minecraft:blackstone":8,"minecraft:cartography_table":1,"minecraft:beef":24,"minecraft:oak_boat":40,"minecraft:lectern":22,"minecraft:minecart":3,"minecraft:sugar_cane":1,"minecraft:chest":2,"minecraft:raw_iron":116,"minecraft:fire_charge":1,"minecraft:flow_pottery_sherd":1,"minecraft:carrot":5,"minecraft:redstone":117,"minecraft:arrow":49,"minecraft:hay_block":9,"minecraft:gold_ingot":21,"minecraft:tuff_bricks":96,"minecraft:white_wool":2,"minecraft:mutton":3,"minecraft:rail":70,"minecraft:golden_carrot":2,"minecraft:glow_ink_sac":1,"minecraft:leather":14,"minecraft:waxed_copper_bulb":1,"minecraft:oak_log":70,"minecraft:golden_boots":1,"minecraft:gunpowder":6,"minecraft:cooked_mutton":10,"minecraft:apple":1,"minecraft:iron_ingot":30,"minecraft:stone_pickaxe":1,"minecraft:cooked_chicken":3,"minecraft:soul_sand":2,"minecraft:iron_sword":1,"minecraft:book":12,"minecraft:oak_slab":5,"minecraft:smooth_basalt":2,"minecraft:emerald_block":1,"minecraft:quartz":21,"minecraft:dandelion":3,"minecraft:gravel":106,"minecraft:spruce_sapling":24,"minecraft:blast_furnace":2,"minecraft:white_bed":3,"minecraft:spruce_log":220,"minecraft:polished_tuff":2,"minecraft:crying_obsidian":3,"minecraft:spider_eye":2,"minecraft:pumpkin_seeds":4,"minecraft:stone_axe":2,"minecraft:iron_helmet":3,"minecraft:baked_potato":12,"minecraft:chiseled_tuff_bricks":4,"minecraft:coal":343,"minecraft:ender_pearl":1},"minecraft:broken":{"minecraft:iron_shovel":4,"minecraft:stone_pickaxe":3,"minecraft:stone_shovel":1,"minecraft:iron_axe":1,"minecraft:iron_pickaxe":2},"minecraft:dropped":{"minecraft:iron_sword":1,"minecraft:lapis_lazuli":128,"minecraft:glow_ink_sac":1,"minecraft:diamond":14,"minecraft:crafting_table":1,"minecraft:crossbow":1,"minecraft:rail":90,"minecraft:dirt":127,"minecraft:gold_nugget":2,"minecraft:iron_pickaxe":2,"minecraft:gold_ingot":28,"minecraft:bone":8,"minecraft:stone_axe":2,"minecraft:chiseled_tuff_bricks":3,"minecraft:cobbled_deepslate":6,"minecraft:rotten_flesh":24,"minecraft:oak_planks":94,"minecraft:cooked_mutton":1,"minecraft:honey_bottle":1,"minecraft:tipped_arrow":7,"minecraft:arrow":19,"minecraft:beef":11,"minecraft:water_bucket":1,"minecraft:wheat_seeds":3,"minecraft:iron_helmet":4,"minecraft:cobblestone":353,"minecraft:polished_tuff":2,"minecraft:granite":10,"minecraft:grass_block":1,"minecraft:diorite":4,"minecraft:iron_leggings":5,"minecraft:iron_axe":2,"minecraft:string":8,"minecraft:dandelion":2,"minecraft:redstone":3,"minecraft:furnace":1,"minecraft:stone_sword":2,"minecraft:tuff":10,"minecraft:guster_banner_pattern":1,"minecraft:raw_iron":23,"minecraft:iron_boots":4,"minecraft:pumpkin_seeds":4,"minecraft:shield":4,"minecraft:trial_key":14,"minecraft:iron_chestplate":7,"minecraft:oak_boat":4,"minecraft:spider_eye":2,"minecraft:bow":4,"minecraft:stone_pickaxe":2,"minecraft:wooden_pickaxe":1,"minecraft:waxed_oxidized_copper_grate":6,"minecraft:brick":62},"minecraft:killed":{"minecraft:cave_spider":4,"minecraft:spider":7,"minecraft:skeleton":34,"minecraft:piglin":1,"minecraft:pig":10,"minecraft:iron_golem":1,"minecraft:creeper":6,"minecraft:sheep":2,"minecraft:zombie":50,"minecraft:cow":7,"minecraft:husk":4,"minecraft:hoglin":1,"minecraft:breeze":1,"minecraft:villager":4},"minecraft:used":{"minecraft:beetroot":1,"minecraft:iron_shovel":1043,"minecraft:spruce_slab":8,"minecraft:ladder":9,"minecraft:chest":8,"minecraft:shield":64,"minecraft:iron_sword":377,"minecraft:carrot":5,"minecraft:tuff":2,"minecraft:obsidian":10,"minecraft:glass":94,"minecraft:bow":7,"minecraft:furnace":9,"minecraft:diorite":5,"minecraft:stone_pickaxe":507,"minecraft:ender_pearl":1,"minecraft:wooden_pickaxe":3,"minecraft:composter":1,"minecraft:sugar_cane":1,"minecraft:blast_furnace":2,"minecraft:lingering_potion":3,"minecraft:redstone_torch":13,"minecraft:bread":59,"minecraft:lectern":22,"minecraft:gravel":106,"minecraft:chiseled_tuff_bricks":1,"minecraft:andesite":11,"minecraft:chest_minecart":1,"minecraft:oak_boat":34,"minecraft:bone_meal":15,"minecraft:oak_fence":5,"minecraft:oak_trapdoor":2,"minecraft:stone_sword":153,"minecraft:flint_and_steel":1,"minecraft:stone_shovel":132,"minecraft:trial_key":8,"minecraft:cooked_chicken":3,"minecraft:netherrack":12,"minecraft:torch":51,"minecraft:dirt":286,"minecraft:anvil":1,"minecraft:granite":4,"minecraft:iron_axe":365,"minecraft:smooth_basalt":2,"minecraft:minecart":3,"minecraft:cooked_beef":13,"minecraft:cobbled_deepslate":237,"minecraft:pointed_dripstone":1,"minecraft:iron_leggings":2,"minecraft:wheat_seeds":2,"minecraft:cooked_mutton":12,"minecraft:water_bucket":124,"minecraft:baked_potato":12,"minecraft:fletching_table":16,"minecraft:rail":236,"minecraft:oak_slab":24,"minecraft:crafting_table":18,"minecraft:white_bed":3,"minecraft:spruce_log":1,"minecraft:smoker":3,"minecraft:oak_log":1,"minecraft:diamond_pickaxe":41,"minecraft:wind_charge":1,"minecraft:oak_button":2,"minecraft:iron_pickaxe":1076,"minecraft:spruce_sapling":24,"minecraft:stone_axe":44,"minecraft:cobblestone":293,"minecraft:cooked_porkchop":19,"minecraft:bucket":125}},"DataVersion":3953}