{"stats":{"minecraft:used":{"minecraft:wheat_seeds":2,"minecraft:water_bucket":2,"minecraft:stone_sword":86,"minecraft:stone_pickaxe":179,"minecraft:shield":12,"minecraft:chest":5,"minecraft:wooden_pickaxe":3,"minecraft:dirt":6,"minecraft:crafting_table":9,"minecraft:white_bed":2,"minecraft:tuff":2,"minecraft:diamond_pickaxe":7,"minecraft:iron_pickaxe":19,"minecraft:smooth_basalt":2,"minecraft:stone_axe":28,"minecraft:cobblestone":18,"minecraft:furnace":8,"minecraft:cooked_porkchop":8,"minecraft:bucket":3,"minecraft:cooked_beef":1,"minecraft:cobbled_deepslate":8,"minecraft:pointed_dripstone":1},"minecraft:picked_up":{"minecraft:crafting_table":8,"minecraft:wheat":35,"minecraft:leather":5,"minecraft:tuff":2,"minecraft:oak_log":16,"minecraft:lapis_lazuli":38,"minecraft:dirt":6,"minecraft:string":4,"minecraft:bone":5,"minecraft:bow":1,"minecraft:wheat_seeds":2,"minecraft:cartography_table":1,"minecraft:cobbled_deepslate":19,"minecraft:beef":7,"minecraft:grindstone":1,"minecraft:iron_ingot":5,"minecraft:lectern":1,"minecraft:oak_planks":7,"minecraft:furnace":8,"minecraft:book":12,"minecraft:raw_iron":63,"minecraft:smooth_basalt":2,"minecraft:porkchop":15,"minecraft:pointed_dripstone":1,"minecraft:white_bed":2,"minecraft:cauldron":1,"minecraft:stone_sword":1,"minecraft:arrow":8,"minecraft:rotten_flesh":2,"minecraft:diamond":4,"minecraft:granite":1,"minecraft:oak_sapling":1,"minecraft:obsidian":7,"minecraft:coal":216,"minecraft:cobblestone":61},"minecraft:dropped":{"minecraft:stone_sword":1},"minecraft:killed":{"minecraft:pig":8,"minecraft:spider":1,"minecraft:iron_golem":1,"minecraft:skeleton":8,"minecraft:zombie":3,"minecraft:villager":1,"minecraft:cow":3},"minecraft:custom":{"minecraft:interact_with_furnace":33,"minecraft:mob_kills":25,"minecraft:interact_with_crafting_table":27,"minecraft:time_since_death":59496,"minecraft:sleep_in_bed":2,"minecraft:time_since_rest":32919,"minecraft:sprint_one_cm":209735,"minecraft:damage_taken":573,"minecraft:walk_one_cm":131223,"minecraft:damage_blocked_by_shield":350,"minecraft:drop":1,"minecraft:damage_dealt":4231,"minecraft:swim_one_cm":1493,"minecraft:talked_to_villager":1,"minecraft:fly_one_cm":262515,"minecraft:open_chest":12,"minecraft:crouch_one_cm":15595,"minecraft:play_time":59496,"minecraft:sneak_time":7430,"minecraft:walk_under_water_one_cm":2518,"minecraft:jump":1267,"minecraft:walk_on_water_one_cm":11605,"minecraft:total_world_time":59496,"minecraft:fall_one_cm":34443},"minecraft:mined":{"minecraft:tuff":2,"minecraft:white_bed":2,"minecraft:deepslate_diamond_ore":4,"minecraft:obsidian":7,"minecraft:crafting_table":8,"minecraft:granite":1,"minecraft:short_grass":15,"minecraft:grass_block":3,"minecraft:lectern":1,"minecraft:tall_grass":1,"minecraft:cobblestone":8,"minecraft:lapis_ore":5,"minecraft:grindstone":1,"minecraft:cartography_table":1,"minecraft:furnace":8,"minecraft:cobbled_deepslate":1,"minecraft:iron_ore":25,"minecraft:wheat":1,"minecraft:bookshelf":4,"minecraft:coal_ore":54,"minecraft:oak_log":16,"minecraft:deepslate_iron_ore":21,"minecraft:water_cauldron":1,"minecraft:dirt":3,"minecraft:smooth_basalt":2,"minecraft:stone":48,"minecraft:oak_leaves":11,"minecraft:deepslate":18},"minecraft:crafted":{"minecraft:cooked_beef":7,"minecraft:oak_planks":64,"minecraft:cooked_porkchop":10,"minecraft:crafting_table":2,"minecraft:iron_helmet":1,"minecraft:wooden_pickaxe":1,"minecraft:furnace":1,"minecraft:bucket":1,"minecraft:stone_axe":1,"minecraft:bread":11,"minecraft:air":0,"minecraft:iron_boots":1,"minecraft:iron_chestplate":1,"minecraft:diamond_pickaxe":1,"minecraft:shield":1,"minecraft:stick":20,"minecraft:iron_ingot":31,"minecraft:iron_pickaxe":1,"minecraft:stone_pickaxe":2,"minecraft:stone_sword":1,"minecraft:chest":5,"minecraft:iron_leggings":1},"minecraft:broken":{"minecraft:stone_pickaxe":1}},"DataVersion":3953}