{"stats":{"minecraft:used":{"minecraft:wheat_seeds":2,"minecraft:water_bucket":7,"minecraft:diorite":5,"minecraft:stone_sword":91,"minecraft:stone_pickaxe":328,"minecraft:wooden_pickaxe":3,"minecraft:chest":5,"minecraft:shield":20,"minecraft:dirt":10,"minecraft:crafting_table":10,"minecraft:white_bed":2,"minecraft:tuff":2,"minecraft:granite":4,"minecraft:diamond_pickaxe":15,"minecraft:iron_pickaxe":95,"minecraft:smooth_basalt":2,"minecraft:stone_axe":29,"minecraft:cobblestone":53,"minecraft:furnace":8,"minecraft:cooked_porkchop":10,"minecraft:andesite":8,"minecraft:bucket":8,"minecraft:cooked_beef":2,"minecraft:cobbled_deepslate":82,"minecraft:pointed_dripstone":1},"minecraft:picked_up":{"minecraft:crafting_table":9,"minecraft:wheat":35,"minecraft:glow_ink_sac":1,"minecraft:andesite":8,"minecraft:leather":5,"minecraft:tuff":2,"minecraft:oak_log":16,"minecraft:dirt":13,"minecraft:lapis_lazuli":38,"minecraft:string":4,"minecraft:bone":5,"minecraft:bow":1,"minecraft:wheat_seeds":2,"minecraft:cartography_table":1,"minecraft:cobbled_deepslate":82,"minecraft:raw_gold":5,"minecraft:grindstone":1,"minecraft:iron_ingot":5,"minecraft:beef":7,"minecraft:lectern":1,"minecraft:oak_planks":7,"minecraft:furnace":8,"minecraft:book":12,"minecraft:raw_iron":84,"minecraft:smooth_basalt":2,"minecraft:porkchop":15,"minecraft:pointed_dripstone":1,"minecraft:diorite":5,"minecraft:white_bed":2,"minecraft:cauldron":1,"minecraft:stone_sword":1,"minecraft:arrow":8,"minecraft:rotten_flesh":2,"minecraft:diamond":4,"minecraft:granite":4,"minecraft:oak_sapling":1,"minecraft:obsidian":14,"minecraft:coal":249,"minecraft:cobblestone":151},"minecraft:dropped":{"minecraft:stone_sword":1},"minecraft:killed":{"minecraft:pig":8,"minecraft:spider":1,"minecraft:iron_golem":1,"minecraft:skeleton":9,"minecraft:zombie":3,"minecraft:villager":1,"minecraft:cow":3},"minecraft:custom":{"minecraft:interact_with_furnace":33,"minecraft:mob_kills":27,"minecraft:interact_with_crafting_table":28,"minecraft:leave_game":1,"minecraft:time_since_death":83451,"minecraft:sleep_in_bed":2,"minecraft:time_since_rest":56874,"minecraft:sprint_one_cm":263070,"minecraft:damage_taken":689,"minecraft:walk_one_cm":158639,"minecraft:damage_blocked_by_shield":874,"minecraft:drop":1,"minecraft:damage_dealt":4390,"minecraft:swim_one_cm":5281,"minecraft:talked_to_villager":1,"minecraft:fly_one_cm":316191,"minecraft:open_chest":12,"minecraft:crouch_one_cm":21167,"minecraft:play_time":83451,"minecraft:sneak_time":10867,"minecraft:walk_under_water_one_cm":5500,"minecraft:jump":1800,"minecraft:walk_on_water_one_cm":24941,"minecraft:total_world_time":83451,"minecraft:fall_one_cm":42034},"minecraft:mined":{"minecraft:tuff":2,"minecraft:white_bed":2,"minecraft:deepslate_diamond_ore":4,"minecraft:obsidian":15,"minecraft:crafting_table":9,"minecraft:granite":4,"minecraft:short_grass":16,"minecraft:grass_block":5,"minecraft:lectern":1,"minecraft:tall_grass":1,"minecraft:cobblestone":8,"minecraft:deepslate_gold_ore":4,"minecraft:lapis_ore":5,"minecraft:grindstone":1,"minecraft:cartography_table":1,"minecraft:diorite":5,"minecraft:furnace":8,"minecraft:iron_ore":46,"minecraft:wheat":1,"minecraft:cobbled_deepslate":1,"minecraft:andesite":8,"minecraft:bookshelf":4,"minecraft:oak_log":16,"minecraft:coal_ore":87,"minecraft:deepslate_iron_ore":21,"minecraft:water_cauldron":1,"minecraft:dirt":8,"minecraft:smooth_basalt":2,"minecraft:stone":138,"minecraft:gold_ore":1,"minecraft:oak_leaves":11,"minecraft:deepslate":78},"minecraft:crafted":{"minecraft:cooked_beef":7,"minecraft:oak_planks":64,"minecraft:cooked_porkchop":10,"minecraft:crafting_table":2,"minecraft:wooden_pickaxe":1,"minecraft:iron_helmet":1,"minecraft:furnace":1,"minecraft:bucket":1,"minecraft:stone_axe":2,"minecraft:bread":11,"minecraft:air":0,"minecraft:diamond_pickaxe":1,"minecraft:iron_boots":1,"minecraft:iron_chestplate":1,"minecraft:shield":1,"minecraft:stick":20,"minecraft:iron_ingot":31,"minecraft:iron_pickaxe":1,"minecraft:stone_pickaxe":3,"minecraft:stone_sword":1,"minecraft:chest":5,"minecraft:iron_leggings":1},"minecraft:broken":{"minecraft:stone_pickaxe":2}},"DataVersion":3953}