{"stats":{"minecraft:broken":{"minecraft:iron_shovel":2,"minecraft:stone_pickaxe":3,"minecraft:stone_shovel":1},"minecraft:dropped":{"minecraft:water_bucket":1,"minecraft:iron_sword":1,"minecraft:wheat_seeds":2,"minecraft:lapis_lazuli":128,"minecraft:glow_ink_sac":1,"minecraft:diamond":14,"minecraft:crafting_table":1,"minecraft:crossbow":1,"minecraft:iron_helmet":4,"minecraft:polished_tuff":2,"minecraft:granite":10,"minecraft:dirt":1,"minecraft:diorite":4,"minecraft:iron_leggings":5,"minecraft:iron_axe":2,"minecraft:iron_pickaxe":2,"minecraft:string":8,"minecraft:redstone":3,"minecraft:bone":8,"minecraft:furnace":1,"minecraft:stone_axe":2,"minecraft:chiseled_tuff_bricks":3,"minecraft:stone_sword":2,"minecraft:cobbled_deepslate":6,"minecraft:tuff":10,"minecraft:guster_banner_pattern":1,"minecraft:raw_iron":23,"minecraft:rotten_flesh":12,"minecraft:oak_planks":30,"minecraft:iron_boots":4,"minecraft:cooked_mutton":1,"minecraft:honey_bottle":1,"minecraft:pumpkin_seeds":4,"minecraft:tipped_arrow":7,"minecraft:shield":4,"minecraft:trial_key":14,"minecraft:iron_chestplate":7,"minecraft:spider_eye":2,"minecraft:beef":11,"minecraft:bow":4,"minecraft:arrow":19,"minecraft:stone_pickaxe":2,"minecraft:wooden_pickaxe":1,"minecraft:waxed_oxidized_copper_grate":6,"minecraft:brick":62},"minecraft:custom":{"minecraft:mob_kills":122,"minecraft:interact_with_crafting_table":54,"minecraft:open_barrel":5,"minecraft:eat_cake_slice":3,"minecraft:leave_game":7,"minecraft:time_since_death":355008,"minecraft:climb_one_cm":12335,"minecraft:sprint_one_cm":1167722,"minecraft:walk_one_cm":994062,"minecraft:damage_blocked_by_shield":2199,"minecraft:drop":95,"minecraft:talked_to_villager":10,"minecraft:play_time":355008,"minecraft:sneak_time":28671,"minecraft:walk_under_water_one_cm":81185,"minecraft:boat_one_cm":8108,"minecraft:jump":7349,"minecraft:interact_with_blast_furnace":17,"minecraft:walk_on_water_one_cm":116252,"minecraft:total_world_time":355008,"minecraft:interact_with_furnace":44,"minecraft:sleep_in_bed":11,"minecraft:time_since_rest":58875,"minecraft:damage_taken":4558,"minecraft:minecart_one_cm":68262,"minecraft:damage_dealt":21356,"minecraft:swim_one_cm":90292,"minecraft:fly_one_cm":1365002,"minecraft:open_chest":94,"minecraft:crouch_one_cm":72901,"minecraft:interact_with_smoker":12,"minecraft:fall_one_cm":172320,"minecraft:inspect_dispenser":32},"minecraft:crafted":{"minecraft:oak_planks":104,"minecraft:stone_shovel":1,"minecraft:furnace":1,"minecraft:iron_boots":3,"minecraft:stone_pickaxe":4,"minecraft:chest":6,"minecraft:oak_button":1,"minecraft:rail":240,"minecraft:cooked_beef":13,"minecraft:oak_slab":12,"minecraft:emerald":9,"minecraft:cooked_porkchop":15,"minecraft:crafting_table":2,"minecraft:wooden_pickaxe":1,"minecraft:iron_helmet":2,"minecraft:iron_sword":1,"minecraft:bucket":1,"minecraft:stone_axe":2,"minecraft:bread":11,"minecraft:air":0,"minecraft:iron_chestplate":1,"minecraft:diamond_pickaxe":1,"minecraft:shield":1,"minecraft:stick":100,"minecraft:iron_ingot":130,"minecraft:iron_pickaxe":3,"minecraft:stone_sword":2,"minecraft:iron_shovel":2,"minecraft:iron_leggings":2,"minecraft:gold_ingot":5,"minecraft:redstone_torch":11,"minecraft:torch":60},"minecraft:killed":{"minecraft:cave_spider":4,"minecraft:spider":7,"minecraft:skeleton":33,"minecraft:husk":4,"minecraft:pig":8,"minecraft:iron_golem":1,"minecraft:creeper":4,"minecraft:zombie":48,"minecraft:breeze":1,"minecraft:villager":1,"minecraft:cow":7},"minecraft:mined":{"minecraft:tuff":17,"minecraft:white_bed":2,"minecraft:deepslate_diamond_ore":30,"minecraft:obsidian":15,"minecraft:potted_dead_bush":2,"minecraft:granite":18,"minecraft:grass_block":279,"minecraft:decorated_pot":16,"minecraft:chiseled_tuff_bricks":6,"minecraft:cartography_table":1,"minecraft:tuff_bricks":106,"minecraft:redstone_ore":1,"minecraft:furnace":9,"minecraft:carrots":1,"minecraft:waxed_copper_grate":1,"minecraft:iron_ore":46,"minecraft:cobbled_deepslate":19,"minecraft:fire":1,"minecraft:polished_tuff":8,"minecraft:waxed_oxidized_copper_bulb":1,"minecraft:andesite":8,"minecraft:bookshelf":4,"minecraft:dirt_path":6,"minecraft:water_cauldron":1,"minecraft:deepslate_iron_ore":29,"minecraft:rail":69,"minecraft:stone":252,"minecraft:deepslate_redstone_ore":21,"minecraft:crafting_table":15,"minecraft:torch":13,"minecraft:short_grass":93,"minecraft:lectern":1,"minecraft:tall_grass":1,"minecraft:cobblestone":16,"minecraft:deepslate_gold_ore":31,"minecraft:lapis_ore":6,"minecraft:grindstone":1,"minecraft:diorite":13,"minecraft:wall_torch":7,"minecraft:waxed_copper_bulb":1,"minecraft:light_gray_stained_glass":2,"minecraft:waxed_oxidized_copper_grate":6,"minecraft:wheat":1,"minecraft:waxed_copper_block":5,"minecraft:oak_log":26,"minecraft:coal_ore":113,"minecraft:gravel":3,"minecraft:dirt":427,"minecraft:waxed_oxidized_copper":1,"minecraft:flower_pot":1,"minecraft:cobweb":5,"minecraft:smooth_basalt":2,"minecraft:oak_button":1,"minecraft:gold_ore":1,"minecraft:deepslate":279,"minecraft:oak_leaves":13},"minecraft:used":{"minecraft:beetroot":1,"minecraft:stone_sword":153,"minecraft:iron_shovel":500,"minecraft:stone_shovel":132,"minecraft:chest":6,"minecraft:shield":62,"minecraft:iron_sword":327,"minecraft:cooked_chicken":3,"minecraft:trial_key":8,"minecraft:torch":50,"minecraft:dirt":77,"minecraft:carrot":5,"minecraft:tuff":2,"minecraft:granite":4,"minecraft:iron_axe":19,"minecraft:smooth_basalt":2,"minecraft:bow":2,"minecraft:furnace":9,"minecraft:minecart":1,"minecraft:cooked_beef":13,"minecraft:cobbled_deepslate":237,"minecraft:iron_leggings":2,"minecraft:pointed_dripstone":1,"minecraft:wheat_seeds":2,"minecraft:cooked_mutton":8,"minecraft:water_bucket":97,"minecraft:diorite":5,"minecraft:baked_potato":12,"minecraft:stone_pickaxe":507,"minecraft:wooden_pickaxe":3,"minecraft:rail":236,"minecraft:oak_slab":6,"minecraft:crafting_table":17,"minecraft:white_bed":2,"minecraft:lingering_potion":3,"minecraft:redstone_torch":11,"minecraft:diamond_pickaxe":41,"minecraft:wind_charge":1,"minecraft:bread":32,"minecraft:oak_button":1,"minecraft:iron_pickaxe":610,"minecraft:chiseled_tuff_bricks":1,"minecraft:stone_axe":44,"minecraft:cobblestone":230,"minecraft:andesite":8,"minecraft:cooked_porkchop":19,"minecraft:bucket":98,"minecraft:chest_minecart":1,"minecraft:oak_boat":9},"minecraft:picked_up":{"minecraft:lingering_potion":1,"minecraft:crafting_table":16,"minecraft:iron_chestplate":8,"minecraft:wheat":35,"minecraft:chest_minecart":1,"minecraft:potion":2,"minecraft:enchanted_book":1,"minecraft:shield":4,"minecraft:brick":62,"minecraft:wind_charge":9,"minecraft:string":12,"minecraft:iron_axe":2,"minecraft:iron_leggings":4,"minecraft:cartography_table":1,"minecraft:cobbled_deepslate":282,"minecraft:beef":24,"minecraft:trial_key":31,"minecraft:oak_boat":11,"minecraft:minecart":1,"minecraft:iron_pickaxe":1,"minecraft:lectern":1,"minecraft:iron_boots":2,"minecraft:furnace":9,"minecraft:tipped_arrow":21,"minecraft:stick":1,"minecraft:raw_iron":115,"minecraft:torch":22,"minecraft:porkchop":15,"minecraft:flow_pottery_sherd":1,"minecraft:waxed_copper_grate":2,"minecraft:pointed_dripstone":1,"minecraft:diorite":9,"minecraft:carrot":5,"minecraft:redstone":117,"minecraft:cauldron":1,"minecraft:stone_sword":2,"minecraft:arrow":49,"minecraft:honey_bottle":1,"minecraft:rotten_flesh":54,"minecraft:tuff_bricks":96,"minecraft:obsidian":14,"minecraft:rail":70,"minecraft:cobblestone":269,"minecraft:golden_carrot":2,"minecraft:glow_ink_sac":1,"minecraft:water_bucket":1,"minecraft:andesite":8,"minecraft:leather":7,"minecraft:waxed_copper_bulb":1,"minecraft:tuff":23,"minecraft:oak_log":26,"minecraft:gunpowder":5,"minecraft:lapis_lazuli":118,"minecraft:dirt":489,"minecraft:cooked_mutton":10,"minecraft:bone":44,"minecraft:apple":1,"minecraft:bow":7,"minecraft:wheat_seeds":9,"minecraft:raw_gold":34,"minecraft:iron_ingot":30,"minecraft:grindstone":1,"minecraft:stone_pickaxe":1,"minecraft:cooked_chicken":3,"minecraft:guster_banner_pattern":1,"minecraft:iron_sword":1,"minecraft:oak_planks":131,"minecraft:book":12,"minecraft:smooth_basalt":2,"minecraft:emerald_block":1,"minecraft:cooked_porkchop":4,"minecraft:white_bed":2,"minecraft:grass_block":1,"minecraft:spider_eye":2,"minecraft:polished_tuff":2,"minecraft:pumpkin_seeds":4,"minecraft:diamond":56,"minecraft:stone_axe":2,"minecraft:waxed_oxidized_copper_grate":6,"minecraft:iron_helmet":3,"minecraft:granite":14,"minecraft:crossbow":2,"minecraft:breeze_rod":9,"minecraft:golden_apple":2,"minecraft:bread":9,"minecraft:emerald":17,"minecraft:baked_potato":12,"minecraft:oak_sapling":1,"minecraft:coal":329,"minecraft:chiseled_tuff_bricks":4,"minecraft:ender_pearl":1}},"DataVersion":3953}