{"stats":{"minecraft:custom":{"minecraft:interact_with_crafting_table":106,"minecraft:open_barrel":5,"minecraft:bell_ring":15,"minecraft:eat_cake_slice":3,"minecraft:leave_game":17,"minecraft:time_since_death":772791,"minecraft:sprint_one_cm":2244745,"minecraft:damage_blocked_by_shield":2576,"minecraft:drop":162,"minecraft:talked_to_villager":255,"minecraft:play_time":772791,"minecraft:jump":15122,"minecraft:walk_on_water_one_cm":182438,"minecraft:enchant_item":5,"minecraft:interact_with_furnace":113,"minecraft:traded_with_villager":350,"minecraft:sleep_in_bed":34,"minecraft:damage_dealt":30605,"minecraft:crouch_one_cm":238013,"minecraft:interact_with_smoker":40,"minecraft:inspect_dispenser":32,"minecraft:interact_with_smithing_table":1,"minecraft:mob_kills":176,"minecraft:interact_with_anvil":7,"minecraft:climb_one_cm":32705,"minecraft:walk_one_cm":1993069,"minecraft:sneak_time":67955,"minecraft:walk_under_water_one_cm":135739,"minecraft:boat_one_cm":363406,"minecraft:interact_with_blast_furnace":52,"minecraft:total_world_time":772791,"minecraft:time_since_rest":35868,"minecraft:damage_taken":6542,"minecraft:minecart_one_cm":211962,"minecraft:swim_one_cm":183281,"minecraft:fly_one_cm":3081260,"minecraft:open_chest":343,"minecraft:fall_one_cm":359310},"minecraft:crafted":{"minecraft:oak_planks":1576,"minecraft:bookshelf":18,"minecraft:cooked_mutton":6,"minecraft:glass":261,"minecraft:diamond_helmet":1,"minecraft:diamond_leggings":1,"minecraft:iron_boots":3,"minecraft:chest":6,"minecraft:oak_button":2,"minecraft:rail":240,"minecraft:oak_slab":12,"minecraft:arrow":192,"minecraft:emerald":337,"minecraft:cooked_porkchop":37,"minecraft:diamond_axe":1,"minecraft:crafting_table":4,"minecraft:spruce_planks":3684,"minecraft:wooden_pickaxe":1,"minecraft:iron_helmet":2,"minecraft:fletching_table":8,"minecraft:iron_chestplate":1,"minecraft:book":39,"minecraft:paper":126,"minecraft:diamond_pickaxe":1,"minecraft:shield":1,"minecraft:stick":10226,"minecraft:iron_ingot":148,"minecraft:iron_pickaxe":8,"minecraft:iron_block":3,"minecraft:stone_sword":2,"minecraft:gold_ingot":35,"minecraft:redstone_torch":11,"minecraft:oak_door":3,"minecraft:stone_shovel":1,"minecraft:iron_nugget":18,"minecraft:furnace":2,"minecraft:bone_meal":207,"minecraft:oak_trapdoor":2,"minecraft:iron_axe":2,"minecraft:spruce_slab":12,"minecraft:stone_pickaxe":5,"minecraft:diamond_boots":1,"minecraft:minecart":1,"minecraft:wheat":162,"minecraft:cooked_beef":26,"minecraft:diamond_sword":1,"minecraft:enchanting_table":1,"minecraft:iron_sword":2,"minecraft:bucket":1,"minecraft:stone_axe":2,"minecraft:enchanted_book":10,"minecraft:bread":65,"minecraft:air":0,"minecraft:oak_boat":1,"minecraft:iron_shovel":4,"minecraft:iron_leggings":2,"minecraft:anvil":1,"minecraft:torch":60,"minecraft:diamond_chestplate":1},"minecraft:mined":{"minecraft:white_bed":3,"minecraft:farmland":14,"minecraft:obsidian":15,"minecraft:potted_dead_bush":2,"minecraft:granite":18,"minecraft:grass_block":410,"minecraft:chiseled_tuff_bricks":6,"minecraft:composter":4,"minecraft:tuff_bricks":106,"minecraft:raw_iron_block":1,"minecraft:iron_ore":74,"minecraft:cobbled_deepslate":20,"minecraft:fire":7,"minecraft:polished_tuff":8,"minecraft:waxed_oxidized_copper_bulb":1,"minecraft:fletching_table":19,"minecraft:water_cauldron":5,"minecraft:dirt_path":47,"minecraft:spruce_slab":2,"minecraft:deepslate_redstone_ore":21,"minecraft:smoker":3,"minecraft:torch":15,"minecraft:blast_furnace":2,"minecraft:chest":2,"minecraft:glass":1,"minecraft:nether_quartz_ore":182,"minecraft:cobblestone":19,"minecraft:grindstone":1,"minecraft:sugar_cane":41,"minecraft:wall_torch":9,"minecraft:waxed_copper_bulb":1,"minecraft:light_gray_stained_glass":2,"minecraft:wheat":1,"minecraft:waxed_copper_block":5,"minecraft:stripped_oak_wood":1,"minecraft:oak_log":75,"minecraft:waxed_oxidized_copper":1,"minecraft:sand":332,"minecraft:dirt":740,"minecraft:smooth_basalt":2,"minecraft:netherrack":172,"minecraft:oak_leaves":14,"minecraft:deepslate":295,"minecraft:nether_gold_ore":17,"minecraft:tuff":19,"minecraft:deepslate_diamond_ore":46,"minecraft:oak_door":2,"minecraft:ladder":10,"minecraft:decorated_pot":16,"minecraft:spruce_leaves":40,"minecraft:cartography_table":1,"minecraft:hay_block":18,"minecraft:redstone_ore":1,"minecraft:furnace":11,"minecraft:carrots":1,"minecraft:waxed_copper_grate":1,"minecraft:andesite":221,"minecraft:bookshelf":9,"minecraft:deepslate_iron_ore":33,"minecraft:rail":122,"minecraft:stone":741,"minecraft:smithing_table":1,"minecraft:oak_slab":6,"minecraft:oak_fence":17,"minecraft:crafting_table":19,"minecraft:short_grass":159,"minecraft:lectern":73,"minecraft:tall_grass":39,"minecraft:lapis_ore":10,"minecraft:deepslate_gold_ore":31,"minecraft:diorite":13,"minecraft:waxed_oxidized_copper_grate":6,"minecraft:spruce_log":924,"minecraft:coal_ore":180,"minecraft:flower_pot":1,"minecraft:gravel":122,"minecraft:cobweb":6,"minecraft:oak_button":1,"minecraft:gold_ore":1},"minecraft:picked_up":{"minecraft:iron_chestplate":8,"minecraft:wheat":35,"minecraft:smithing_table":1,"minecraft:potion":2,"minecraft:enchanted_book":1,"minecraft:nether_brick":3,"minecraft:string":13,"minecraft:iron_leggings":4,"minecraft:gold_nugget":71,"minecraft:cobbled_deepslate":291,"minecraft:spruce_planks":8,"minecraft:trial_key":31,"minecraft:redstone_torch":2,"minecraft:iron_pickaxe":1,"minecraft:iron_boots":2,"minecraft:furnace":11,"minecraft:tipped_arrow":21,"minecraft:stick":47,"minecraft:composter":3,"minecraft:oak_fence":15,"minecraft:torch":31,"minecraft:porkchop":39,"minecraft:diorite":9,"minecraft:waxed_copper_grate":2,"minecraft:pointed_dripstone":1,"minecraft:cauldron":5,"minecraft:stone_sword":2,"minecraft:rotten_flesh":64,"minecraft:honey_bottle":1,"minecraft:obsidian":14,"minecraft:cobblestone":950,"minecraft:cooked_beef":24,"minecraft:water_bucket":1,"minecraft:andesite":220,"minecraft:smoker":3,"minecraft:flint":13,"minecraft:tuff":27,"minecraft:lapis_lazuli":149,"minecraft:dirt":1019,"minecraft:bone":47,"minecraft:bow":8,"minecraft:wheat_seeds":16,"minecraft:raw_gold":34,"minecraft:grindstone":1,"minecraft:guster_banner_pattern":1,"minecraft:fletching_table":19,"minecraft:oak_planks":237,"minecraft:cooked_porkchop":5,"minecraft:sand":332,"minecraft:grass_block":1,"minecraft:spectral_arrow":7,"minecraft:diamond":74,"minecraft:waxed_oxidized_copper_grate":6,"minecraft:granite":14,"minecraft:crossbow":2,"minecraft:breeze_rod":9,"minecraft:golden_apple":2,"minecraft:emerald":17,"minecraft:bread":9,"minecraft:oak_sapling":1,"minecraft:netherrack":356,"minecraft:lingering_potion":1,"minecraft:crafting_table":20,"minecraft:ladder":10,"minecraft:chest_minecart":1,"minecraft:brick":62,"minecraft:shield":4,"minecraft:wind_charge":9,"minecraft:iron_axe":2,"minecraft:blackstone":8,"minecraft:cartography_table":1,"minecraft:beef":61,"minecraft:oak_boat":45,"minecraft:lectern":71,"minecraft:spruce_slab":2,"minecraft:poppy":4,"minecraft:minecart":3,"minecraft:sugar_cane":98,"minecraft:chest":2,"minecraft:egg":2,"minecraft:raw_iron":147,"minecraft:oak_door":2,"minecraft:fire_charge":1,"minecraft:flow_pottery_sherd":1,"minecraft:carrot":5,"minecraft:redstone":117,"minecraft:arrow":54,"minecraft:hay_block":18,"minecraft:gold_ingot":21,"minecraft:tuff_bricks":96,"minecraft:mutton":6,"minecraft:white_wool":4,"minecraft:rail":126,"minecraft:golden_carrot":2,"minecraft:glow_ink_sac":1,"minecraft:leather":51,"minecraft:waxed_copper_bulb":1,"minecraft:oak_log":79,"minecraft:golden_boots":1,"minecraft:gunpowder":7,"minecraft:paper":30,"minecraft:cooked_mutton":10,"minecraft:apple":1,"minecraft:iron_ingot":42,"minecraft:stone_pickaxe":1,"minecraft:cooked_chicken":3,"minecraft:stripped_oak_wood":1,"minecraft:soul_sand":2,"minecraft:iron_sword":2,"minecraft:book":32,"minecraft:oak_slab":5,"minecraft:smooth_basalt":2,"minecraft:emerald_block":1,"minecraft:quartz":188,"minecraft:dandelion":4,"minecraft:raw_iron_block":1,"minecraft:gravel":106,"minecraft:spruce_sapling":52,"minecraft:blast_furnace":2,"minecraft:white_bed":3,"minecraft:spruce_log":928,"minecraft:crying_obsidian":3,"minecraft:polished_tuff":2,"minecraft:spider_eye":2,"minecraft:pumpkin_seeds":4,"minecraft:stone_axe":2,"minecraft:iron_helmet":3,"minecraft:baked_potato":12,"minecraft:chiseled_tuff_bricks":4,"minecraft:coal":428,"minecraft:ender_pearl":1},"minecraft:broken":{"minecraft:iron_shovel":4,"minecraft:stone_pickaxe":3,"minecraft:iron_sword":1,"minecraft:stone_shovel":1,"minecraft:iron_axe":2,"minecraft:iron_pickaxe":5},"minecraft:dropped":{"minecraft:iron_sword":2,"minecraft:lapis_lazuli":128,"minecraft:glow_ink_sac":1,"minecraft:diamond":14,"minecraft:crafting_table":1,"minecraft:crossbow":1,"minecraft:rail":144,"minecraft:dirt":127,"minecraft:gold_nugget":2,"minecraft:iron_pickaxe":2,"minecraft:gold_ingot":28,"minecraft:bone":8,"minecraft:oak_door":1,"minecraft:stone_axe":2,"minecraft:chiseled_tuff_bricks":3,"minecraft:cobbled_deepslate":6,"minecraft:rotten_flesh":24,"minecraft:oak_planks":94,"minecraft:cooked_mutton":1,"minecraft:honey_bottle":1,"minecraft:tipped_arrow":7,"minecraft:arrow":19,"minecraft:beef":11,"minecraft:egg":2,"minecraft:water_bucket":1,"minecraft:wheat_seeds":4,"minecraft:iron_helmet":4,"minecraft:cobblestone":421,"minecraft:polished_tuff":2,"minecraft:granite":10,"minecraft:grass_block":1,"minecraft:diorite":4,"minecraft:iron_leggings":5,"minecraft:iron_axe":2,"minecraft:string":9,"minecraft:dandelion":3,"minecraft:redstone":3,"minecraft:furnace":1,"minecraft:stone_sword":2,"minecraft:tuff":12,"minecraft:guster_banner_pattern":1,"minecraft:raw_iron":23,"minecraft:iron_boots":4,"minecraft:pumpkin_seeds":4,"minecraft:shield":4,"minecraft:trial_key":14,"minecraft:iron_chestplate":7,"minecraft:andesite":30,"minecraft:oak_boat":4,"minecraft:spider_eye":2,"minecraft:bow":5,"minecraft:stone_pickaxe":2,"minecraft:wooden_pickaxe":1,"minecraft:waxed_oxidized_copper_grate":6,"minecraft:brick":62},"minecraft:killed":{"minecraft:cave_spider":4,"minecraft:spider":7,"minecraft:skeleton":37,"minecraft:piglin":1,"minecraft:pig":19,"minecraft:iron_golem":4,"minecraft:creeper":6,"minecraft:sheep":4,"minecraft:zombie":50,"minecraft:cow":28,"minecraft:husk":4,"minecraft:hoglin":1,"minecraft:breeze":1,"minecraft:villager":4},"minecraft:used":{"minecraft:beetroot":1,"minecraft:iron_shovel":1155,"minecraft:spruce_slab":10,"minecraft:ladder":9,"minecraft:chest":8,"minecraft:shield":70,"minecraft:iron_sword":534,"minecraft:carrot":5,"minecraft:tuff":4,"minecraft:obsidian":20,"minecraft:glass":169,"minecraft:bow":11,"minecraft:furnace":11,"minecraft:diorite":5,"minecraft:stone_pickaxe":567,"minecraft:ender_pearl":1,"minecraft:wooden_pickaxe":3,"minecraft:composter":1,"minecraft:sugar_cane":1,"minecraft:diamond_axe":626,"minecraft:blast_furnace":2,"minecraft:lingering_potion":3,"minecraft:redstone_torch":13,"minecraft:bread":59,"minecraft:lectern":71,"minecraft:gravel":106,"minecraft:chiseled_tuff_bricks":1,"minecraft:stripped_oak_wood":1,"minecraft:andesite":18,"minecraft:oak_boat":38,"minecraft:chest_minecart":1,"minecraft:bone_meal":15,"minecraft:oak_fence":5,"minecraft:oak_trapdoor":2,"minecraft:enchanting_table":1,"minecraft:stone_sword":153,"minecraft:flint_and_steel":2,"minecraft:stone_shovel":132,"minecraft:trial_key":8,"minecraft:cooked_chicken":3,"minecraft:netherrack":301,"minecraft:oak_door":2,"minecraft:torch":60,"minecraft:dirt":348,"minecraft:anvil":1,"minecraft:granite":4,"minecraft:bookshelf":18,"minecraft:iron_axe":539,"minecraft:smooth_basalt":2,"minecraft:minecart":3,"minecraft:cooked_beef":26,"minecraft:cobbled_deepslate":237,"minecraft:pointed_dripstone":1,"minecraft:iron_leggings":2,"minecraft:wheat_seeds":2,"minecraft:cooked_mutton":15,"minecraft:water_bucket":177,"minecraft:baked_potato":12,"minecraft:fletching_table":25,"minecraft:rail":236,"minecraft:oak_slab":24,"minecraft:crafting_table":22,"minecraft:white_bed":3,"minecraft:spruce_log":7,"minecraft:smoker":3,"minecraft:oak_log":1,"minecraft:diamond_pickaxe":41,"minecraft:wind_charge":1,"minecraft:oak_button":2,"minecraft:iron_pickaxe":1834,"minecraft:spruce_sapling":50,"minecraft:stone_axe":44,"minecraft:cobblestone":416,"minecraft:cooked_porkchop":32,"minecraft:bucket":178}},"DataVersion":3953}