{"stats":{"minecraft:used":{"minecraft:wheat_seeds":2,"minecraft:water_bucket":8,"minecraft:diorite":5,"minecraft:stone_sword":152,"minecraft:iron_shovel":500,"minecraft:stone_shovel":132,"minecraft:stone_pickaxe":376,"minecraft:wooden_pickaxe":3,"minecraft:chest":5,"minecraft:shield":20,"minecraft:dirt":14,"minecraft:crafting_table":11,"minecraft:white_bed":2,"minecraft:tuff":2,"minecraft:granite":4,"minecraft:diamond_pickaxe":15,"minecraft:iron_pickaxe":187,"minecraft:smooth_basalt":2,"minecraft:stone_axe":41,"minecraft:cobblestone":167,"minecraft:furnace":8,"minecraft:cooked_porkchop":10,"minecraft:andesite":8,"minecraft:bucket":9,"minecraft:cooked_beef":4,"minecraft:cobbled_deepslate":83,"minecraft:pointed_dripstone":1},"minecraft:picked_up":{"minecraft:crafting_table":11,"minecraft:wheat":35,"minecraft:glow_ink_sac":1,"minecraft:andesite":8,"minecraft:leather":5,"minecraft:tuff":9,"minecraft:oak_log":26,"minecraft:dirt":438,"minecraft:lapis_lazuli":114,"minecraft:string":6,"minecraft:cooked_mutton":1,"minecraft:bone":5,"minecraft:bow":2,"minecraft:wheat_seeds":7,"minecraft:cartography_table":1,"minecraft:cobbled_deepslate":83,"minecraft:raw_gold":5,"minecraft:stone_pickaxe":1,"minecraft:grindstone":1,"minecraft:iron_ingot":6,"minecraft:beef":18,"minecraft:iron_pickaxe":1,"minecraft:lectern":1,"minecraft:oak_planks":7,"minecraft:furnace":8,"minecraft:book":12,"minecraft:raw_iron":110,"minecraft:smooth_basalt":2,"minecraft:cooked_porkchop":4,"minecraft:porkchop":15,"minecraft:pointed_dripstone":1,"minecraft:diorite":9,"minecraft:white_bed":2,"minecraft:cauldron":1,"minecraft:stone_sword":2,"minecraft:arrow":11,"minecraft:rotten_flesh":6,"minecraft:diamond":23,"minecraft:stone_axe":1,"minecraft:granite":14,"minecraft:oak_sapling":1,"minecraft:obsidian":14,"minecraft:coal":249,"minecraft:cobblestone":238},"minecraft:dropped":{"minecraft:lapis_lazuli":128,"minecraft:glow_ink_sac":1,"minecraft:stone_sword":2,"minecraft:diamond":14,"minecraft:crafting_table":1,"minecraft:tuff":7,"minecraft:raw_iron":23,"minecraft:rotten_flesh":6,"minecraft:granite":10,"minecraft:cooked_mutton":1,"minecraft:dirt":1,"minecraft:diorite":4,"minecraft:bow":1,"minecraft:beef":11,"minecraft:stone_pickaxe":2,"minecraft:wooden_pickaxe":1,"minecraft:iron_pickaxe":2,"minecraft:string":6},"minecraft:killed":{"minecraft:pig":8,"minecraft:spider":1,"minecraft:iron_golem":1,"minecraft:skeleton":9,"minecraft:zombie":6,"minecraft:villager":1,"minecraft:cow":3},"minecraft:custom":{"minecraft:interact_with_furnace":36,"minecraft:mob_kills":31,"minecraft:interact_with_crafting_table":34,"minecraft:leave_game":1,"minecraft:time_since_death":107451,"minecraft:sleep_in_bed":3,"minecraft:time_since_rest":11758,"minecraft:sprint_one_cm":288377,"minecraft:damage_taken":827,"minecraft:walk_one_cm":239380,"minecraft:damage_blocked_by_shield":874,"minecraft:drop":22,"minecraft:damage_dealt":5176,"minecraft:swim_one_cm":5281,"minecraft:talked_to_villager":1,"minecraft:fly_one_cm":353614,"minecraft:open_chest":13,"minecraft:crouch_one_cm":24852,"minecraft:play_time":107451,"minecraft:sneak_time":12000,"minecraft:walk_under_water_one_cm":5500,"minecraft:jump":2112,"minecraft:walk_on_water_one_cm":24957,"minecraft:total_world_time":107451,"minecraft:fall_one_cm":50414},"minecraft:mined":{"minecraft:tuff":2,"minecraft:white_bed":2,"minecraft:deepslate_diamond_ore":7,"minecraft:obsidian":15,"minecraft:crafting_table":10,"minecraft:granite":18,"minecraft:short_grass":86,"minecraft:grass_block":275,"minecraft:lectern":1,"minecraft:tall_grass":1,"minecraft:cobblestone":9,"minecraft:deepslate_gold_ore":4,"minecraft:lapis_ore":5,"minecraft:grindstone":1,"minecraft:cartography_table":1,"minecraft:diorite":13,"minecraft:furnace":8,"minecraft:iron_ore":46,"minecraft:wheat":1,"minecraft:cobbled_deepslate":2,"minecraft:andesite":8,"minecraft:bookshelf":4,"minecraft:oak_log":26,"minecraft:coal_ore":87,"minecraft:deepslate_iron_ore":24,"minecraft:water_cauldron":1,"minecraft:dirt":384,"minecraft:smooth_basalt":2,"minecraft:stone":226,"minecraft:gold_ore":1,"minecraft:oak_leaves":12,"minecraft:deepslate":97},"minecraft:crafted":{"minecraft:cooked_beef":7,"minecraft:oak_planks":104,"minecraft:stone_shovel":1,"minecraft:cooked_porkchop":10,"minecraft:crafting_table":2,"minecraft:wooden_pickaxe":1,"minecraft:iron_helmet":1,"minecraft:furnace":1,"minecraft:bucket":1,"minecraft:stone_axe":2,"minecraft:bread":11,"minecraft:air":0,"minecraft:diamond_pickaxe":1,"minecraft:iron_boots":1,"minecraft:iron_chestplate":1,"minecraft:shield":1,"minecraft:stick":28,"minecraft:iron_ingot":31,"minecraft:iron_pickaxe":1,"minecraft:stone_pickaxe":4,"minecraft:iron_shovel":2,"minecraft:stone_sword":2,"minecraft:chest":5,"minecraft:iron_leggings":1},"minecraft:broken":{"minecraft:stone_pickaxe":2,"minecraft:iron_shovel":2,"minecraft:stone_shovel":1}},"DataVersion":3953}