{"stats":{"minecraft:dropped":{"minecraft:iron_sword":1,"minecraft:lapis_lazuli":128,"minecraft:glow_ink_sac":1,"minecraft:diamond":14,"minecraft:crafting_table":1,"minecraft:granite":10,"minecraft:dirt":1,"minecraft:diorite":4,"minecraft:iron_pickaxe":2,"minecraft:string":6,"minecraft:stone_sword":2,"minecraft:cobbled_deepslate":1,"minecraft:tuff":7,"minecraft:raw_iron":23,"minecraft:rotten_flesh":6,"minecraft:cooked_mutton":1,"minecraft:wooden_pickaxe":1,"minecraft:beef":11,"minecraft:bow":1,"minecraft:stone_pickaxe":2},"minecraft:custom":{"minecraft:mob_kills":72,"minecraft:interact_with_crafting_table":37,"minecraft:leave_game":5,"minecraft:time_since_death":176135,"minecraft:sprint_one_cm":574057,"minecraft:walk_one_cm":396203,"minecraft:damage_blocked_by_shield":1295,"minecraft:drop":24,"minecraft:talked_to_villager":4,"minecraft:play_time":176135,"minecraft:sneak_time":19061,"minecraft:walk_under_water_one_cm":29192,"minecraft:jump":3747,"minecraft:interact_with_blast_furnace":17,"minecraft:walk_on_water_one_cm":52548,"minecraft:total_world_time":176135,"minecraft:interact_with_furnace":44,"minecraft:sleep_in_bed":7,"minecraft:time_since_rest":35741,"minecraft:damage_taken":1534,"minecraft:damage_dealt":11592,"minecraft:swim_one_cm":23014,"minecraft:fly_one_cm":703106,"minecraft:open_chest":44,"minecraft:crouch_one_cm":41344,"minecraft:interact_with_smoker":10,"minecraft:fall_one_cm":89002},"minecraft:crafted":{"minecraft:oak_planks":104,"minecraft:stone_shovel":1,"minecraft:furnace":1,"minecraft:iron_boots":1,"minecraft:stone_pickaxe":4,"minecraft:chest":6,"minecraft:cooked_beef":13,"minecraft:cooked_porkchop":15,"minecraft:crafting_table":2,"minecraft:wooden_pickaxe":1,"minecraft:iron_helmet":1,"minecraft:bucket":1,"minecraft:stone_axe":2,"minecraft:bread":11,"minecraft:air":0,"minecraft:iron_chestplate":1,"minecraft:diamond_pickaxe":1,"minecraft:shield":1,"minecraft:stick":52,"minecraft:iron_ingot":121,"minecraft:iron_pickaxe":2,"minecraft:stone_sword":2,"minecraft:iron_leggings":1,"minecraft:iron_shovel":2,"minecraft:gold_ingot":5,"minecraft:torch":40},"minecraft:used":{"minecraft:stone_sword":153,"minecraft:iron_shovel":500,"minecraft:stone_shovel":132,"minecraft:chest":6,"minecraft:shield":31,"minecraft:iron_sword":132,"minecraft:torch":45,"minecraft:dirt":17,"minecraft:carrot":5,"minecraft:tuff":2,"minecraft:granite":4,"minecraft:smooth_basalt":2,"minecraft:furnace":9,"minecraft:cooked_beef":8,"minecraft:cobbled_deepslate":150,"minecraft:pointed_dripstone":1,"minecraft:wheat_seeds":2,"minecraft:water_bucket":40,"minecraft:diorite":5,"minecraft:stone_pickaxe":507,"minecraft:wooden_pickaxe":3,"minecraft:crafting_table":11,"minecraft:white_bed":2,"minecraft:diamond_pickaxe":19,"minecraft:iron_pickaxe":266,"minecraft:stone_axe":42,"minecraft:cobblestone":179,"minecraft:cooked_porkchop":18,"minecraft:bucket":41,"minecraft:andesite":8},"minecraft:killed":{"minecraft:spider":1,"minecraft:skeleton":14,"minecraft:pig":8,"minecraft:iron_golem":1,"minecraft:zombie":37,"minecraft:villager":1,"minecraft:cow":7},"minecraft:broken":{"minecraft:iron_shovel":2,"minecraft:stone_pickaxe":3,"minecraft:stone_shovel":1},"minecraft:picked_up":{"minecraft:crafting_table":11,"minecraft:wheat":35,"minecraft:string":8,"minecraft:cartography_table":1,"minecraft:cobbled_deepslate":217,"minecraft:beef":24,"minecraft:iron_pickaxe":1,"minecraft:lectern":1,"minecraft:furnace":9,"minecraft:stick":1,"minecraft:raw_iron":110,"minecraft:torch":20,"minecraft:porkchop":15,"minecraft:pointed_dripstone":1,"minecraft:diorite":9,"minecraft:carrot":5,"minecraft:redstone":8,"minecraft:cauldron":1,"minecraft:stone_sword":2,"minecraft:arrow":15,"minecraft:rotten_flesh":40,"minecraft:tuff_bricks":3,"minecraft:obsidian":14,"minecraft:cobblestone":263,"minecraft:rail":1,"minecraft:glow_ink_sac":1,"minecraft:andesite":8,"minecraft:leather":7,"minecraft:tuff":20,"minecraft:oak_log":26,"minecraft:lapis_lazuli":114,"minecraft:dirt":446,"minecraft:cooked_mutton":1,"minecraft:bone":10,"minecraft:bow":2,"minecraft:wheat_seeds":7,"minecraft:raw_gold":5,"minecraft:stone_pickaxe":1,"minecraft:grindstone":1,"minecraft:iron_ingot":6,"minecraft:oak_planks":7,"minecraft:iron_sword":1,"minecraft:book":12,"minecraft:smooth_basalt":2,"minecraft:cooked_porkchop":4,"minecraft:white_bed":2,"minecraft:diamond":28,"minecraft:stone_axe":1,"minecraft:granite":14,"minecraft:oak_sapling":1,"minecraft:coal":321},"minecraft:mined":{"minecraft:tuff":13,"minecraft:white_bed":2,"minecraft:deepslate_diamond_ore":12,"minecraft:obsidian":15,"minecraft:granite":18,"minecraft:grass_block":275,"minecraft:cartography_table":1,"minecraft:tuff_bricks":3,"minecraft:furnace":9,"minecraft:carrots":1,"minecraft:iron_ore":46,"minecraft:cobbled_deepslate":7,"minecraft:fire":1,"minecraft:andesite":8,"minecraft:bookshelf":4,"minecraft:water_cauldron":1,"minecraft:deepslate_iron_ore":24,"minecraft:stone":251,"minecraft:crafting_table":10,"minecraft:torch":12,"minecraft:short_grass":88,"minecraft:lectern":1,"minecraft:tall_grass":1,"minecraft:cobblestone":9,"minecraft:lapis_ore":5,"minecraft:deepslate_gold_ore":4,"minecraft:grindstone":1,"minecraft:diorite":13,"minecraft:wall_torch":7,"minecraft:wheat":1,"minecraft:waxed_copper_block":1,"minecraft:oak_log":26,"minecraft:coal_ore":113,"minecraft:gravel":1,"minecraft:dirt":393,"minecraft:smooth_basalt":2,"minecraft:gold_ore":1,"minecraft:oak_leaves":13,"minecraft:deepslate":231}},"DataVersion":3953}